-- Pharmaceutical Sales Management System - Seed Data
-- Each table has at least 50 records

-- Clear existing data
SET FOREIGN_KEY_CHECKS = 0;
TRUNCATE TABLE sales;
TRUNCATE TABLE inbounds;
TRUNCATE TABLE suppliers;
TRUNCATE TABLE customers;
TRUNCATE TABLE medicines;
TRUNCATE TABLE users;
SET FOREIGN_KEY_CHECKS = 1;

-- ==================== Users (50 records) ====================
INSERT INTO users (id, username, password, real_name, phone, role, created_at, updated_at) VALUES
(1, 'admin', '$2a$10$N9qo8uLOickgx2ZMRZoMyeIjZAgcfl7p92ldGxad68LJZdL17lhWy', '系统管理员', '13800000001', 'admin', NOW(), NOW()),
(2, 'zhangsan', '$2a$10$N9qo8uLOickgx2ZMRZoMyeIjZAgcfl7p92ldGxad68LJZdL17lhWy', '张三', '13800000002', 'staff', NOW(), NOW()),
(3, 'lisi', '$2a$10$N9qo8uLOickgx2ZMRZoMyeIjZAgcfl7p92ldGxad68LJZdL17lhWy', '李四', '13800000003', 'staff', NOW(), NOW()),
(4, 'wangwu', '$2a$10$N9qo8uLOickgx2ZMRZoMyeIjZAgcfl7p92ldGxad68LJZdL17lhWy', '王五', '13800000004', 'staff', NOW(), NOW()),
(5, 'zhaoliu', '$2a$10$N9qo8uLOickgx2ZMRZoMyeIjZAgcfl7p92ldGxad68LJZdL17lhWy', '赵六', '13800000005', 'staff', NOW(), NOW()),
(6, 'sunqi', '$2a$10$N9qo8uLOickgx2ZMRZoMyeIjZAgcfl7p92ldGxad68LJZdL17lhWy', '孙七', '13800000006', 'staff', NOW(), NOW()),
(7, 'zhouba', '$2a$10$N9qo8uLOickgx2ZMRZoMyeIjZAgcfl7p92ldGxad68LJZdL17lhWy', '周八', '13800000007', 'staff', NOW(), NOW()),
(8, 'wujiu', '$2a$10$N9qo8uLOickgx2ZMRZoMyeIjZAgcfl7p92ldGxad68LJZdL17lhWy', '吴九', '13800000008', 'staff', NOW(), NOW()),
(9, 'zhengshi', '$2a$10$N9qo8uLOickgx2ZMRZoMyeIjZAgcfl7p92ldGxad68LJZdL17lhWy', '郑十', '13800000009', 'staff', NOW(), NOW()),
(10, 'chenyi', '$2a$10$N9qo8uLOickgx2ZMRZoMyeIjZAgcfl7p92ldGxad68LJZdL17lhWy', '陈一', '13800000010', 'staff', NOW(), NOW()),
(11, 'liuer', '$2a$10$N9qo8uLOickgx2ZMRZoMyeIjZAgcfl7p92ldGxad68LJZdL17lhWy', '刘二', '13800000011', 'staff', NOW(), NOW()),
(12, 'huangsan', '$2a$10$N9qo8uLOickgx2ZMRZoMyeIjZAgcfl7p92ldGxad68LJZdL17lhWy', '黄三', '13800000012', 'staff', NOW(), NOW()),
(13, 'yangsi', '$2a$10$N9qo8uLOickgx2ZMRZoMyeIjZAgcfl7p92ldGxad68LJZdL17lhWy', '杨四', '13800000013', 'staff', NOW(), NOW()),
(14, 'houwu', '$2a$10$N9qo8uLOickgx2ZMRZoMyeIjZAgcfl7p92ldGxad68LJZdL17lhWy', '侯五', '13800000014', 'staff', NOW(), NOW()),
(15, 'gaoliu', '$2a$10$N9qo8uLOickgx2ZMRZoMyeIjZAgcfl7p92ldGxad68LJZdL17lhWy', '高六', '13800000015', 'staff', NOW(), NOW()),
(16, 'linqi', '$2a$10$N9qo8uLOickgx2ZMRZoMyeIjZAgcfl7p92ldGxad68LJZdL17lhWy', '林七', '13800000016', 'staff', NOW(), NOW()),
(17, 'heba', '$2a$10$N9qo8uLOickgx2ZMRZoMyeIjZAgcfl7p92ldGxad68LJZdL17lhWy', '何八', '13800000017', 'staff', NOW(), NOW()),
(18, 'guojiu', '$2a$10$N9qo8uLOickgx2ZMRZoMyeIjZAgcfl7p92ldGxad68LJZdL17lhWy', '郭九', '13800000018', 'staff', NOW(), NOW()),
(19, 'maxuebing', '$2a$10$N9qo8uLOickgx2ZMRZoMyeIjZAgcfl7p92ldGxad68LJZdL17lhWy', '马雪冰', '13800000019', 'staff', NOW(), NOW()),
(20, 'luoziwen', '$2a$10$N9qo8uLOickgx2ZMRZoMyeIjZAgcfl7p92ldGxad68LJZdL17lhWy', '罗子文', '13800000020', 'staff', NOW(), NOW()),
(21, 'lianghua', '$2a$10$N9qo8uLOickgx2ZMRZoMyeIjZAgcfl7p92ldGxad68LJZdL17lhWy', '梁华', '13800000021', 'staff', NOW(), NOW()),
(22, 'songmei', '$2a$10$N9qo8uLOickgx2ZMRZoMyeIjZAgcfl7p92ldGxad68LJZdL17lhWy', '宋梅', '13800000022', 'staff', NOW(), NOW()),
(23, 'zhengkai', '$2a$10$N9qo8uLOickgx2ZMRZoMyeIjZAgcfl7p92ldGxad68LJZdL17lhWy', '郑凯', '13800000023', 'staff', NOW(), NOW()),
(24, 'xieyang', '$2a$10$N9qo8uLOickgx2ZMRZoMyeIjZAgcfl7p92ldGxad68LJZdL17lhWy', '谢阳', '13800000024', 'staff', NOW(), NOW()),
(25, 'hanbing', '$2a$10$N9qo8uLOickgx2ZMRZoMyeIjZAgcfl7p92ldGxad68LJZdL17lhWy', '韩冰', '13800000025', 'staff', NOW(), NOW()),
(26, 'tangli', '$2a$10$N9qo8uLOickgx2ZMRZoMyeIjZAgcfl7p92ldGxad68LJZdL17lhWy', '唐丽', '13800000026', 'staff', NOW(), NOW()),
(27, 'fenggang', '$2a$10$N9qo8uLOickgx2ZMRZoMyeIjZAgcfl7p92ldGxad68LJZdL17lhWy', '冯刚', '13800000027', 'staff', NOW(), NOW()),
(28, 'donghao', '$2a$10$N9qo8uLOickgx2ZMRZoMyeIjZAgcfl7p92ldGxad68LJZdL17lhWy', '董浩', '13800000028', 'staff', NOW(), NOW()),
(29, 'xiaofang', '$2a$10$N9qo8uLOickgx2ZMRZoMyeIjZAgcfl7p92ldGxad68LJZdL17lhWy', '肖芳', '13800000029', 'staff', NOW(), NOW()),
(30, 'caojun', '$2a$10$N9qo8uLOickgx2ZMRZoMyeIjZAgcfl7p92ldGxad68LJZdL17lhWy', '曹军', '13800000030', 'staff', NOW(), NOW()),
(31, 'yuanxin', '$2a$10$N9qo8uLOickgx2ZMRZoMyeIjZAgcfl7p92ldGxad68LJZdL17lhWy', '袁欣', '13800000031', 'staff', NOW(), NOW()),
(32, 'dengli', '$2a$10$N9qo8uLOickgx2ZMRZoMyeIjZAgcfl7p92ldGxad68LJZdL17lhWy', '邓丽', '13800000032', 'staff', NOW(), NOW()),
(33, 'xuwei', '$2a$10$N9qo8uLOickgx2ZMRZoMyeIjZAgcfl7p92ldGxad68LJZdL17lhWy', '许伟', '13800000033', 'staff', NOW(), NOW()),
(34, 'fuqiang', '$2a$10$N9qo8uLOickgx2ZMRZoMyeIjZAgcfl7p92ldGxad68LJZdL17lhWy', '傅强', '13800000034', 'staff', NOW(), NOW()),
(35, 'shenyan', '$2a$10$N9qo8uLOickgx2ZMRZoMyeIjZAgcfl7p92ldGxad68LJZdL17lhWy', '沈燕', '13800000035', 'staff', NOW(), NOW()),
(36, 'zengjie', '$2a$10$N9qo8uLOickgx2ZMRZoMyeIjZAgcfl7p92ldGxad68LJZdL17lhWy', '曾杰', '13800000036', 'staff', NOW(), NOW()),
(37, 'penglei', '$2a$10$N9qo8uLOickgx2ZMRZoMyeIjZAgcfl7p92ldGxad68LJZdL17lhWy', '彭磊', '13800000037', 'staff', NOW(), NOW()),
(38, 'lvxia', '$2a$10$N9qo8uLOickgx2ZMRZoMyeIjZAgcfl7p92ldGxad68LJZdL17lhWy', '吕霞', '13800000038', 'staff', NOW(), NOW()),
(39, 'subo', '$2a$10$N9qo8uLOickgx2ZMRZoMyeIjZAgcfl7p92ldGxad68LJZdL17lhWy', '苏波', '13800000039', 'staff', NOW(), NOW()),
(40, 'jiangnan', '$2a$10$N9qo8uLOickgx2ZMRZoMyeIjZAgcfl7p92ldGxad68LJZdL17lhWy', '蒋楠', '13800000040', 'staff', NOW(), NOW()),
(41, 'caixin', '$2a$10$N9qo8uLOickgx2ZMRZoMyeIjZAgcfl7p92ldGxad68LJZdL17lhWy', '蔡鑫', '13800000041', 'staff', NOW(), NOW()),
(42, 'jiayu', '$2a$10$N9qo8uLOickgx2ZMRZoMyeIjZAgcfl7p92ldGxad68LJZdL17lhWy', '贾宇', '13800000042', 'staff', NOW(), NOW()),
(43, 'dingran', '$2a$10$N9qo8uLOickgx2ZMRZoMyeIjZAgcfl7p92ldGxad68LJZdL17lhWy', '丁然', '13800000043', 'staff', NOW(), NOW()),
(44, 'weifeng', '$2a$10$N9qo8uLOickgx2ZMRZoMyeIjZAgcfl7p92ldGxad68LJZdL17lhWy', '魏峰', '13800000044', 'staff', NOW(), NOW()),
(45, 'xieyue', '$2a$10$N9qo8uLOickgx2ZMRZoMyeIjZAgcfl7p92ldGxad68LJZdL17lhWy', '薛月', '13800000045', 'staff', NOW(), NOW()),
(46, 'yezhi', '$2a$10$N9qo8uLOickgx2ZMRZoMyeIjZAgcfl7p92ldGxad68LJZdL17lhWy', '叶芝', '13800000046', 'staff', NOW(), NOW()),
(47, 'yankai', '$2a$10$N9qo8uLOickgx2ZMRZoMyeIjZAgcfl7p92ldGxad68LJZdL17lhWy', '颜凯', '13800000047', 'staff', NOW(), NOW()),
(48, 'pangbo', '$2a$10$N9qo8uLOickgx2ZMRZoMyeIjZAgcfl7p92ldGxad68LJZdL17lhWy', '庞博', '13800000048', 'staff', NOW(), NOW()),
(49, 'renxue', '$2a$10$N9qo8uLOickgx2ZMRZoMyeIjZAgcfl7p92ldGxad68LJZdL17lhWy', '任雪', '13800000049', 'staff', NOW(), NOW()),
(50, 'yaochen', '$2a$10$N9qo8uLOickgx2ZMRZoMyeIjZAgcfl7p92ldGxad68LJZdL17lhWy', '姚晨', '13800000050', 'staff', NOW(), NOW());

-- ==================== Medicines (50 records) ====================
INSERT INTO medicines (id, code, name, type, spec, price, stock, manufacturer, status) VALUES
(1, 'MED001', '阿莫西林胶囊', 'Rx', '0.5g*24粒', 25.50, 200, '华北制药', 'active'),
(2, 'MED002', '布洛芬缓释胶囊', 'OTC', '0.3g*20粒', 18.00, 350, '中美史克', 'active'),
(3, 'MED003', '复方感冒灵片', 'OTC', '12片/盒', 12.50, 500, '999集团', 'active'),
(4, 'MED004', '头孢克肟分散片', 'Rx', '0.1g*6片', 45.00, 150, '珠海联邦', 'active'),
(5, 'MED005', '奥美拉唑肠溶胶囊', 'Rx', '20mg*14粒', 28.00, 280, '阿斯利康', 'active'),
(6, 'MED006', '维生素C片', 'OTC', '100mg*100片', 8.50, 600, '石药集团', 'active'),
(7, 'MED007', '阿司匹林肠溶片', 'OTC', '100mg*30片', 15.00, 420, '拜耳医药', 'active'),
(8, 'MED008', '氯雷他定片', 'OTC', '10mg*6片', 22.00, 180, '扬子江药业', 'active'),
(9, 'MED009', '甲硝唑片', 'Rx', '0.2g*21片', 6.00, 450, '哈药股份', 'active'),
(10, 'MED010', '蒲地蓝消炎口服液', 'OTC', '10ml*6支', 35.00, 220, '济川药业', 'active'),
(11, 'MED011', '藿香正气水', 'OTC', '10ml*10支', 9.50, 380, '太极集团', 'active'),
(12, 'MED012', '六味地黄丸', 'OTC', '200丸/瓶', 25.00, 300, '同仁堂', 'active'),
(13, 'MED013', '云南白药胶囊', 'OTC', '0.25g*16粒', 42.00, 160, '云南白药', 'active'),
(14, 'MED014', '板蓝根颗粒', 'OTC', '10g*20袋', 16.00, 520, '白云山', 'active'),
(15, 'MED015', '双黄连口服液', 'OTC', '10ml*10支', 28.00, 240, '哈药集团', 'active'),
(16, 'MED016', '复方丹参滴丸', 'OTC', '27mg*180丸', 38.00, 200, '天士力', 'active'),
(17, 'MED017', '蒙脱石散', 'OTC', '3g*10袋', 20.00, 340, '博福-益普生', 'active'),
(18, 'MED018', '阿奇霉素分散片', 'Rx', '0.25g*6片', 32.00, 170, '辉瑞制药', 'active'),
(19, 'MED019', '硝苯地平缓释片', 'Rx', '10mg*30片', 18.50, 250, '恒瑞医药', 'active'),
(20, 'MED020', '二甲双胍片', 'Rx', '0.5g*20片', 12.00, 380, '中美上海', 'active'),
(21, 'MED021', '辛伐他汀片', 'Rx', '20mg*7片', 35.00, 190, '默沙东', 'active'),
(22, 'MED022', '氨氯地平片', 'Rx', '5mg*7片', 28.00, 220, '辉瑞制药', 'active'),
(23, 'MED023', '缬沙坦胶囊', 'Rx', '80mg*7粒', 45.00, 150, '诺华制药', 'active'),
(24, 'MED024', '氯吡格雷片', 'Rx', '75mg*7片', 85.00, 100, '赛诺菲', 'active'),
(25, 'MED025', '阿托伐他汀钙片', 'Rx', '20mg*7片', 55.00, 180, '辉瑞制药', 'active'),
(26, 'MED026', '左氧氟沙星片', 'Rx', '0.5g*6片', 38.00, 210, '扬子江药业', 'active'),
(27, 'MED027', '氯沙坦钾片', 'Rx', '50mg*7片', 42.00, 165, '默沙东', 'active'),
(28, 'MED028', '瑞舒伐他汀钙片', 'Rx', '10mg*7片', 48.00, 145, '阿斯利康', 'active'),
(29, 'MED029', '盐酸曲马多缓释片', 'Rx', '100mg*10片', 65.00, 80, '萌蒂制药', 'active'),
(30, 'MED030', '吗丁啉片', 'OTC', '10mg*30片', 28.00, 290, '西安杨森', 'active'),
(31, 'MED031', '开塞露', 'OTC', '20ml*2支', 3.50, 800, '上海运佳', 'active'),
(32, 'MED032', '达喜铝碳酸镁片', 'OTC', '0.5g*20片', 22.00, 320, '拜耳医药', 'active'),
(33, 'MED033', '创可贴', 'OTC', '100片/盒', 8.00, 650, '云南白药', 'active'),
(34, 'MED034', '百多邦软膏', 'OTC', '5g/支', 18.00, 280, '葛兰素史克', 'active'),
(35, 'MED035', '红霉素眼膏', 'OTC', '2g/支', 5.00, 420, '上海通用', 'active'),
(36, 'MED036', '复方甘草片', 'OTC', '100片/瓶', 15.00, 260, '华北制药', 'active'),
(37, 'MED037', '止咳糖浆', 'OTC', '100ml/瓶', 12.00, 340, '同仁堂', 'active'),
(38, 'MED038', '葡萄糖酸钙口服液', 'OTC', '10ml*12支', 28.00, 200, '哈药集团', 'active'),
(39, 'MED039', '复合维生素B片', 'OTC', '100片/瓶', 10.00, 450, '石药集团', 'active'),
(40, 'MED040', '钙尔奇D片', 'OTC', '100片/瓶', 68.00, 150, '惠氏制药', 'active'),
(41, 'MED041', '益生菌粉', 'OTC', '2g*10袋', 45.00, 220, '修正药业', 'active'),
(42, 'MED042', '小儿氨酚黄那敏颗粒', 'OTC', '6g*10袋', 15.00, 380, '葵花药业', 'active'),
(43, 'MED043', '婴儿健脾散', 'OTC', '0.5g*10袋', 22.00, 250, '修正药业', 'active'),
(44, 'MED044', '头孢拉定胶囊', 'Rx', '0.25g*24粒', 28.00, 190, '珠海联邦', 'active'),
(45, 'MED045', '罗红霉素分散片', 'Rx', '0.15g*6片', 18.00, 320, '扬子江药业', 'active'),
(46, 'MED046', '甘草酸二铵胶囊', 'Rx', '150mg*20粒', 35.00, 180, '正大天晴', 'active'),
(47, 'MED047', '护肝片', 'OTC', '100片/瓶', 28.00, 280, '葵花药业', 'active'),
(48, 'MED048', '芬必得布洛芬缓释胶囊', 'OTC', '0.3g*20粒', 22.00, 350, '中美史克', 'active'),
(49, 'MED049', '泰诺林对乙酰氨基酚片', 'OTC', '0.5g*20片', 15.00, 420, '强生制药', 'active'),
(50, 'MED050', '速效救心丸', 'OTC', '40mg*60丸', 35.00, 200, '天津中新', 'active');

-- ==================== Customers (50 records) ====================
INSERT INTO customers (id, name, phone, created_at) VALUES
(1, '王建国', '13900000001', NOW()),
(2, '李明华', '13900000002', NOW()),
(3, '张伟', '13900000003', NOW()),
(4, '刘洋', '13900000004', NOW()),
(5, '陈静', '13900000005', NOW()),
(6, '杨丽', '13900000006', NOW()),
(7, '赵强', '13900000007', NOW()),
(8, '黄晓明', '13900000008', NOW()),
(9, '周杰', '13900000009', NOW()),
(10, '吴芳', '13900000010', NOW()),
(11, '徐磊', '13900000011', NOW()),
(12, '孙红', '13900000012', NOW()),
(13, '马超', '13900000013', NOW()),
(14, '朱军', '13900000014', NOW()),
(15, '胡兵', '13900000015', NOW()),
(16, '郭德纲', '13900000016', NOW()),
(17, '林青霞', '13900000017', NOW()),
(18, '何润东', '13900000018', NOW()),
(19, '高圆圆', '13900000019', NOW()),
(20, '梁朝伟', '13900000020', NOW()),
(21, '宋慧乔', '13900000021', NOW()),
(22, '郑秀晶', '13900000022', NOW()),
(23, '谢霆锋', '13900000023', NOW()),
(24, '韩庚', '13900000024', NOW()),
(25, '唐嫣', '13900000025', NOW()),
(26, '冯小刚', '13900000026', NOW()),
(27, '董卿', '13900000027', NOW()),
(28, '肖战', '13900000028', NOW()),
(29, '曹云金', '13900000029', NOW()),
(30, '袁泉', '13900000030', NOW()),
(31, '邓超', '13900000031', NOW()),
(32, '许晴', '13900000032', NOW()),
(33, '傅园慧', '13900000033', NOW()),
(34, '沈腾', '13900000034', NOW()),
(35, '曾志伟', '13900000035', NOW()),
(36, '彭于晏', '13900000036', NOW()),
(37, '吕良伟', '13900000037', NOW()),
(38, '苏有朋', '13900000038', NOW()),
(39, '蒋欣', '13900000039', NOW()),
(40, '蔡徐坤', '13900000040', NOW()),
(41, '贾玲', '13900000041', NOW()),
(42, '丁真', '13900000042', NOW()),
(43, '魏大勋', '13900000043', NOW()),
(44, '薛之谦', '13900000044', NOW()),
(45, '叶璇', '13900000045', NOW()),
(46, '颜丙涛', '13900000046', NOW()),
(47, '庞龙', '13900000047', NOW()),
(48, '任达华', '13900000048', NOW()),
(49, '姚明', '13900000049', NOW()),
(50, '成龙', '13900000050', NOW());

-- ==================== Suppliers (50 records) ====================
INSERT INTO suppliers (id, name, contact, phone, created_at) VALUES
(1, '华北制药股份有限公司', '张经理', '0311-85993999', NOW()),
(2, '上海医药集团股份有限公司', '李总监', '021-63391188', NOW()),
(3, '广州白云山医药集团', '王主任', '020-87331888', NOW()),
(4, '云南白药集团股份有限公司', '陈经理', '0871-66356666', NOW()),
(5, '天津中新药业集团', '刘总', '022-27279116', NOW()),
(6, '哈药集团股份有限公司', '赵经理', '0451-51925888', NOW()),
(7, '扬子江药业集团有限公司', '孙总监', '0523-86822222', NOW()),
(8, '正大天晴药业集团', '周经理', '0518-81225088', NOW()),
(9, '齐鲁制药有限公司', '吴主任', '0531-83126688', NOW()),
(10, '石药集团有限公司', '郑总', '0311-85993888', NOW()),
(11, '修正药业集团', '冯经理', '0431-86541111', NOW()),
(12, '济川药业集团', '董总监', '0523-86631530', NOW()),
(13, '同仁堂集团', '肖经理', '010-67012377', NOW()),
(14, '太极集团有限公司', '曹主任', '023-62756888', NOW()),
(15, '天士力控股集团', '袁总', '022-86348999', NOW()),
(16, '复星医药集团', '邓经理', '021-23138000', NOW()),
(17, '恒瑞医药股份有限公司', '许总监', '0518-85808999', NOW()),
(18, '华润三九医药', '傅经理', '0755-29599888', NOW()),
(19, '科伦药业集团', '沈主任', '028-82861888', NOW()),
(20, '东阿阿胶股份有限公司', '曾总', '0635-3261888', NOW()),
(21, '辉瑞制药(中国)', 'Michael', '021-61856888', NOW()),
(22, '拜耳医药保健', 'Hans', '010-65052000', NOW()),
(23, '阿斯利康(中国)', 'David', '021-62181000', NOW()),
(24, '诺华制药(中国)', 'Robert', '010-85182000', NOW()),
(25, '赛诺菲(中国)', 'Pierre', '010-65826688', NOW()),
(26, '葛兰素史克(中国)', 'James', '021-61072000', NOW()),
(27, '默沙东(中国)', 'William', '010-65086688', NOW()),
(28, '强生制药(中国)', 'Johnson', '021-32512000', NOW()),
(29, '西安杨森制药', '杨总', '029-85251888', NOW()),
(30, '珠海联邦制药', '联经理', '0756-8535168', NOW()),
(31, '国药控股股份有限公司', '国经理', '021-62705088', NOW()),
(32, '华东医药股份有限公司', '华总监', '0571-87774888', NOW()),
(33, '中国医药集团', '中主任', '010-63170088', NOW()),
(34, '九州通医药集团', '九总', '027-85893888', NOW()),
(35, '嘉事堂药业股份', '嘉经理', '010-67869888', NOW()),
(36, '南京医药股份有限公司', '南总监', '025-58508988', NOW()),
(37, '重庆莱美药业', '莱经理', '023-67862888', NOW()),
(38, '丽珠医药集团', '丽主任', '0756-2287888', NOW()),
(39, '信立泰药业', '信总', '0755-26618188', NOW()),
(40, '海正药业股份有限公司', '海经理', '0576-89903888', NOW()),
(41, '瑞康医药股份有限公司', '瑞总监', '0533-8179888', NOW()),
(42, '益丰大药房连锁', '益经理', '0731-89718888', NOW()),
(43, '老百姓大药房', '老主任', '0731-82916888', NOW()),
(44, '一心堂药业集团', '一总', '0871-65889888', NOW()),
(45, '大参林医药集团', '大经理', '020-87325888', NOW()),
(46, '江苏恩华药业', '恩总监', '0516-83107888', NOW()),
(47, '四川科伦博泰', '科经理', '028-86288888', NOW()),
(48, '深圳信立泰', '立主任', '0755-26618888', NOW()),
(49, '浙江仙琚制药', '仙总', '0576-87361888', NOW()),
(50, '广东众生药业', '众经理', '020-84356888', NOW());

-- ==================== Inbounds (50 records) ====================
INSERT INTO inbounds (id, medicine_id, supplier_id, quantity, price, inbound_date) VALUES
(1, 1, 1, 100, 18.00, DATE_SUB(NOW(), INTERVAL 30 DAY)),
(2, 2, 6, 150, 12.00, DATE_SUB(NOW(), INTERVAL 29 DAY)),
(3, 3, 13, 200, 8.00, DATE_SUB(NOW(), INTERVAL 28 DAY)),
(4, 4, 30, 80, 35.00, DATE_SUB(NOW(), INTERVAL 27 DAY)),
(5, 5, 23, 120, 20.00, DATE_SUB(NOW(), INTERVAL 26 DAY)),
(6, 6, 10, 300, 5.00, DATE_SUB(NOW(), INTERVAL 25 DAY)),
(7, 7, 22, 200, 10.00, DATE_SUB(NOW(), INTERVAL 24 DAY)),
(8, 8, 7, 100, 15.00, DATE_SUB(NOW(), INTERVAL 23 DAY)),
(9, 9, 6, 250, 4.00, DATE_SUB(NOW(), INTERVAL 22 DAY)),
(10, 10, 12, 120, 25.00, DATE_SUB(NOW(), INTERVAL 21 DAY)),
(11, 11, 14, 200, 6.00, DATE_SUB(NOW(), INTERVAL 20 DAY)),
(12, 12, 13, 150, 18.00, DATE_SUB(NOW(), INTERVAL 19 DAY)),
(13, 13, 4, 80, 30.00, DATE_SUB(NOW(), INTERVAL 18 DAY)),
(14, 14, 3, 250, 10.00, DATE_SUB(NOW(), INTERVAL 17 DAY)),
(15, 15, 6, 120, 20.00, DATE_SUB(NOW(), INTERVAL 16 DAY)),
(16, 16, 15, 100, 28.00, DATE_SUB(NOW(), INTERVAL 15 DAY)),
(17, 17, 25, 180, 14.00, DATE_SUB(NOW(), INTERVAL 14 DAY)),
(18, 18, 21, 90, 22.00, DATE_SUB(NOW(), INTERVAL 13 DAY)),
(19, 19, 17, 130, 12.00, DATE_SUB(NOW(), INTERVAL 12 DAY)),
(20, 20, 2, 200, 8.00, DATE_SUB(NOW(), INTERVAL 11 DAY)),
(21, 21, 27, 100, 25.00, DATE_SUB(NOW(), INTERVAL 10 DAY)),
(22, 22, 21, 110, 20.00, DATE_SUB(NOW(), INTERVAL 9 DAY)),
(23, 23, 24, 80, 35.00, DATE_SUB(NOW(), INTERVAL 8 DAY)),
(24, 24, 25, 50, 65.00, DATE_SUB(NOW(), INTERVAL 7 DAY)),
(25, 25, 21, 90, 42.00, DATE_SUB(NOW(), INTERVAL 6 DAY)),
(26, 26, 7, 110, 28.00, DATE_SUB(NOW(), INTERVAL 5 DAY)),
(27, 27, 27, 85, 32.00, DATE_SUB(NOW(), INTERVAL 4 DAY)),
(28, 28, 23, 75, 38.00, DATE_SUB(NOW(), INTERVAL 3 DAY)),
(29, 29, 29, 40, 50.00, DATE_SUB(NOW(), INTERVAL 2 DAY)),
(30, 30, 29, 150, 20.00, DATE_SUB(NOW(), INTERVAL 1 DAY)),
(31, 31, 2, 400, 2.00, NOW()),
(32, 32, 22, 160, 16.00, DATE_SUB(NOW(), INTERVAL 25 DAY)),
(33, 33, 4, 300, 5.00, DATE_SUB(NOW(), INTERVAL 24 DAY)),
(34, 34, 26, 140, 12.00, DATE_SUB(NOW(), INTERVAL 23 DAY)),
(35, 35, 2, 220, 3.00, DATE_SUB(NOW(), INTERVAL 22 DAY)),
(36, 36, 1, 130, 10.00, DATE_SUB(NOW(), INTERVAL 21 DAY)),
(37, 37, 13, 170, 8.00, DATE_SUB(NOW(), INTERVAL 20 DAY)),
(38, 38, 6, 100, 20.00, DATE_SUB(NOW(), INTERVAL 19 DAY)),
(39, 39, 10, 230, 6.00, DATE_SUB(NOW(), INTERVAL 18 DAY)),
(40, 40, 28, 75, 52.00, DATE_SUB(NOW(), INTERVAL 17 DAY)),
(41, 41, 11, 110, 32.00, DATE_SUB(NOW(), INTERVAL 16 DAY)),
(42, 42, 11, 190, 10.00, DATE_SUB(NOW(), INTERVAL 15 DAY)),
(43, 43, 11, 125, 15.00, DATE_SUB(NOW(), INTERVAL 14 DAY)),
(44, 44, 30, 95, 20.00, DATE_SUB(NOW(), INTERVAL 13 DAY)),
(45, 45, 7, 160, 12.00, DATE_SUB(NOW(), INTERVAL 12 DAY)),
(46, 46, 8, 90, 25.00, DATE_SUB(NOW(), INTERVAL 11 DAY)),
(47, 47, 11, 140, 20.00, DATE_SUB(NOW(), INTERVAL 10 DAY)),
(48, 48, 6, 175, 15.00, DATE_SUB(NOW(), INTERVAL 9 DAY)),
(49, 49, 28, 210, 10.00, DATE_SUB(NOW(), INTERVAL 8 DAY)),
(50, 50, 5, 100, 25.00, DATE_SUB(NOW(), INTERVAL 7 DAY));

-- ==================== Sales (50 records) ====================
INSERT INTO sales (id, order_id, medicine_id, customer_id, quantity, total_price, sale_date) VALUES
(1, 'ORD-20241101001', 1, 1, 2, 51.00, DATE_SUB(NOW(), INTERVAL 30 DAY)),
(2, 'ORD-20241101002', 2, 2, 3, 54.00, DATE_SUB(NOW(), INTERVAL 29 DAY)),
(3, 'ORD-20241102001', 3, 3, 5, 62.50, DATE_SUB(NOW(), INTERVAL 28 DAY)),
(4, 'ORD-20241102002', 4, 4, 1, 45.00, DATE_SUB(NOW(), INTERVAL 27 DAY)),
(5, 'ORD-20241103001', 5, 5, 2, 56.00, DATE_SUB(NOW(), INTERVAL 26 DAY)),
(6, 'ORD-20241103002', 6, 6, 10, 85.00, DATE_SUB(NOW(), INTERVAL 25 DAY)),
(7, 'ORD-20241104001', 7, 7, 3, 45.00, DATE_SUB(NOW(), INTERVAL 24 DAY)),
(8, 'ORD-20241104002', 8, 8, 2, 44.00, DATE_SUB(NOW(), INTERVAL 23 DAY)),
(9, 'ORD-20241105001', 9, 9, 4, 24.00, DATE_SUB(NOW(), INTERVAL 22 DAY)),
(10, 'ORD-20241105002', 10, 10, 2, 70.00, DATE_SUB(NOW(), INTERVAL 21 DAY)),
(11, 'ORD-20241106001', 11, 11, 5, 47.50, DATE_SUB(NOW(), INTERVAL 20 DAY)),
(12, 'ORD-20241106002', 12, 12, 2, 50.00, DATE_SUB(NOW(), INTERVAL 19 DAY)),
(13, 'ORD-20241107001', 13, 13, 1, 42.00, DATE_SUB(NOW(), INTERVAL 18 DAY)),
(14, 'ORD-20241107002', 14, 14, 6, 96.00, DATE_SUB(NOW(), INTERVAL 17 DAY)),
(15, 'ORD-20241108001', 15, 15, 2, 56.00, DATE_SUB(NOW(), INTERVAL 16 DAY)),
(16, 'ORD-20241108002', 16, 16, 1, 38.00, DATE_SUB(NOW(), INTERVAL 15 DAY)),
(17, 'ORD-20241109001', 17, 17, 3, 60.00, DATE_SUB(NOW(), INTERVAL 14 DAY)),
(18, 'ORD-20241109002', 18, 18, 2, 64.00, DATE_SUB(NOW(), INTERVAL 13 DAY)),
(19, 'ORD-20241110001', 19, 19, 4, 74.00, DATE_SUB(NOW(), INTERVAL 12 DAY)),
(20, 'ORD-20241110002', 20, 20, 5, 60.00, DATE_SUB(NOW(), INTERVAL 11 DAY)),
(21, 'ORD-20241111001', 21, 21, 2, 70.00, DATE_SUB(NOW(), INTERVAL 10 DAY)),
(22, 'ORD-20241111002', 22, 22, 3, 84.00, DATE_SUB(NOW(), INTERVAL 9 DAY)),
(23, 'ORD-20241112001', 23, 23, 1, 45.00, DATE_SUB(NOW(), INTERVAL 8 DAY)),
(24, 'ORD-20241112002', 24, 24, 1, 85.00, DATE_SUB(NOW(), INTERVAL 7 DAY)),
(25, 'ORD-20241113001', 25, 25, 2, 110.00, DATE_SUB(NOW(), INTERVAL 6 DAY)),
(26, 'ORD-20241113002', 26, 26, 3, 114.00, DATE_SUB(NOW(), INTERVAL 5 DAY)),
(27, 'ORD-20241114001', 27, 27, 2, 84.00, DATE_SUB(NOW(), INTERVAL 4 DAY)),
(28, 'ORD-20241114002', 28, 28, 1, 48.00, DATE_SUB(NOW(), INTERVAL 3 DAY)),
(29, 'ORD-20241115001', 29, 29, 1, 65.00, DATE_SUB(NOW(), INTERVAL 2 DAY)),
(30, 'ORD-20241115002', 30, 30, 3, 84.00, DATE_SUB(NOW(), INTERVAL 1 DAY)),
(31, 'ORD-20241116001', 31, 31, 20, 70.00, NOW()),
(32, 'ORD-20241116002', 32, 32, 4, 88.00, NOW()),
(33, 'ORD-20241117001', 33, 33, 10, 80.00, DATE_SUB(NOW(), INTERVAL 25 DAY)),
(34, 'ORD-20241117002', 34, 34, 3, 54.00, DATE_SUB(NOW(), INTERVAL 24 DAY)),
(35, 'ORD-20241118001', 35, 35, 5, 25.00, DATE_SUB(NOW(), INTERVAL 23 DAY)),
(36, 'ORD-20241118002', 36, 36, 2, 30.00, DATE_SUB(NOW(), INTERVAL 22 DAY)),
(37, 'ORD-20241119001', 37, 37, 3, 36.00, DATE_SUB(NOW(), INTERVAL 21 DAY)),
(38, 'ORD-20241119002', 38, 38, 2, 56.00, DATE_SUB(NOW(), INTERVAL 20 DAY)),
(39, 'ORD-20241120001', 39, 39, 4, 40.00, DATE_SUB(NOW(), INTERVAL 19 DAY)),
(40, 'ORD-20241120002', 40, 40, 1, 68.00, DATE_SUB(NOW(), INTERVAL 18 DAY)),
(41, 'ORD-20241121001', 41, 41, 2, 90.00, DATE_SUB(NOW(), INTERVAL 17 DAY)),
(42, 'ORD-20241121002', 42, 42, 5, 75.00, DATE_SUB(NOW(), INTERVAL 16 DAY)),
(43, 'ORD-20241122001', 43, 43, 3, 66.00, DATE_SUB(NOW(), INTERVAL 15 DAY)),
(44, 'ORD-20241122002', 44, 44, 4, 112.00, DATE_SUB(NOW(), INTERVAL 14 DAY)),
(45, 'ORD-20241123001', 45, 45, 6, 108.00, DATE_SUB(NOW(), INTERVAL 13 DAY)),
(46, 'ORD-20241123002', 46, 46, 2, 70.00, DATE_SUB(NOW(), INTERVAL 12 DAY)),
(47, 'ORD-20241124001', 47, 47, 3, 84.00, DATE_SUB(NOW(), INTERVAL 11 DAY)),
(48, 'ORD-20241124002', 48, 48, 4, 88.00, DATE_SUB(NOW(), INTERVAL 10 DAY)),
(49, 'ORD-20241125001', 49, 49, 5, 75.00, DATE_SUB(NOW(), INTERVAL 9 DAY)),
(50, 'ORD-20241125002', 50, 50, 2, 70.00, DATE_SUB(NOW(), INTERVAL 8 DAY));

-- Reset auto_increment to continue from 51
ALTER TABLE users AUTO_INCREMENT = 51;
ALTER TABLE medicines AUTO_INCREMENT = 51;
ALTER TABLE customers AUTO_INCREMENT = 51;
ALTER TABLE suppliers AUTO_INCREMENT = 51;
ALTER TABLE inbounds AUTO_INCREMENT = 51;
ALTER TABLE sales AUTO_INCREMENT = 51;

SELECT 'Seed data inserted successfully!' AS Status;
