-- ========================================
-- 康源医药管理系统 - 示例数据
-- 此数据文件包含：
-- 1. 60名注册客户 (天干地支全循环) + 1名未注册专用账户
-- 2. 销售日期覆盖 2025年11月1日 至 2025年12月18日
-- 3. 包含临期商品 (健胃消食片) 和 缺货商品 (蒙脱石散)
-- 4. 未注册用户 (ID 9999) 只能购买非处方药 (OTC)
-- ========================================

SET NAMES utf8mb4;
SET FOREIGN_KEY_CHECKS = 0;
TRUNCATE TABLE sales;
TRUNCATE TABLE inbounds;
TRUNCATE TABLE medicines;
TRUNCATE TABLE customers;
TRUNCATE TABLE suppliers;
SET FOREIGN_KEY_CHECKS = 1;

-- ==================== 供应商数据 ====================
INSERT INTO suppliers (id, name, contact, phone, created_at) VALUES
(1, '国药集团医药公司', '张经理', '010-12345678', '2025-06-01 09:00:00'),
(2, '华润医药商业集团', '李经理', '021-87654321', '2025-06-01 09:00:00'),
(3, '上海医药集团', '王经理', '021-55667788', '2025-06-15 10:00:00'),
(4, '广州医药有限公司', '陈经理', '020-11223344', '2025-07-01 09:00:00'),
(5, '北京同仁堂科技', '刘经理', '010-99887766', '2025-07-15 09:00:00');

-- ==================== 客户数据 ====================
INSERT INTO customers (id, name, phone, created_at) VALUES
(1, '赵甲子', '13437271911', '2025-09-02 10:00:00'),
(2, '钱乙丑', '13187645115', '2025-09-03 10:00:00'),
(3, '孙丙寅', '13723928777', '2025-09-04 10:00:00'),
(4, '李丁卯', '13821815997', '2025-09-05 10:00:00'),
(5, '周戊辰', '13626323696', '2025-09-06 10:00:00'),
(6, '吴己巳', '13725454382', '2025-09-07 10:00:00'),
(7, '郑庚午', '13199237938', '2025-09-08 10:00:00'),
(8, '王辛未', '13056734227', '2025-09-09 10:00:00'),
(9, '冯壬申', '13952794193', '2025-09-10 10:00:00'),
(10, '陈癸酉', '13049997235', '2025-09-11 10:00:00'),
(11, '赵甲戌', '13469657561', '2025-09-12 10:00:00'),
(12, '钱乙亥', '13941333649', '2025-09-13 10:00:00'),
(13, '孙丙子', '13212532215', '2025-09-14 10:00:00'),
(14, '李丁丑', '13936198972', '2025-09-15 10:00:00'),
(15, '周戊寅', '13115673910', '2025-09-16 10:00:00'),
(16, '吴己卯', '13349163062', '2025-09-17 10:00:00'),
(17, '郑庚辰', '13096780998', '2025-09-18 10:00:00'),
(18, '王辛巳', '13786796597', '2025-09-19 10:00:00'),
(19, '冯壬午', '13131552962', '2025-09-20 10:00:00'),
(20, '陈癸未', '13732111622', '2025-09-21 10:00:00'),
(21, '赵甲申', '13526349384', '2025-09-22 10:00:00'),
(22, '钱乙酉', '13770965285', '2025-09-23 10:00:00'),
(23, '孙丙戌', '13668061759', '2025-09-24 10:00:00'),
(24, '李丁亥', '13724295685', '2025-09-25 10:00:00'),
(25, '周戊子', '13140737750', '2025-09-26 10:00:00'),
(26, '吴己丑', '13293380539', '2025-09-27 10:00:00'),
(27, '郑庚寅', '13582193407', '2025-09-28 10:00:00'),
(28, '王辛卯', '13599809371', '2025-09-01 10:00:00'),
(29, '冯壬辰', '13330528149', '2025-09-02 10:00:00'),
(30, '陈癸巳', '13718033308', '2025-09-03 10:00:00'),
(31, '赵甲午', '13811909730', '2025-09-04 10:00:00'),
(32, '钱乙未', '13474057229', '2025-09-05 10:00:00'),
(33, '孙丙申', '13674686900', '2025-09-06 10:00:00'),
(34, '李丁酉', '13539882867', '2025-09-07 10:00:00'),
(35, '周戊戌', '13991454991', '2025-09-08 10:00:00'),
(36, '吴己亥', '13319788698', '2025-09-09 10:00:00'),
(37, '郑庚子', '13018438002', '2025-09-10 10:00:00'),
(38, '王辛丑', '13768383128', '2025-09-11 10:00:00'),
(39, '冯壬寅', '13091587287', '2025-09-12 10:00:00'),
(40, '陈癸卯', '13942977188', '2025-09-13 10:00:00'),
(41, '赵甲辰', '13959243009', '2025-09-14 10:00:00'),
(42, '钱乙巳', '13147504806', '2025-09-15 10:00:00'),
(43, '孙丙午', '13045421310', '2025-09-16 10:00:00'),
(44, '李丁未', '13991156894', '2025-09-17 10:00:00'),
(45, '周戊申', '13524611623', '2025-09-18 10:00:00'),
(46, '吴己酉', '13989136896', '2025-09-19 10:00:00'),
(47, '郑庚戌', '13927347873', '2025-09-20 10:00:00'),
(48, '王辛亥', '13274357530', '2025-09-21 10:00:00'),
(49, '冯壬子', '13031108870', '2025-09-22 10:00:00'),
(50, '陈癸丑', '13711232521', '2025-09-23 10:00:00'),
(51, '赵甲寅', '13170208566', '2025-09-24 10:00:00'),
(52, '钱乙卯', '13036314985', '2025-09-25 10:00:00'),
(53, '孙丙辰', '13898671693', '2025-09-26 10:00:00'),
(54, '李丁巳', '13362345800', '2025-09-27 10:00:00'),
(55, '周戊午', '13443373728', '2025-09-28 10:00:00'),
(56, '吴己未', '13835216683', '2025-09-01 10:00:00'),
(57, '郑庚申', '13412720022', '2025-09-02 10:00:00'),
(58, '王辛酉', '13858278839', '2025-09-03 10:00:00'),
(59, '冯壬戌', '13062402378', '2025-09-04 10:00:00'),
(60, '陈癸亥', '13117007588', '2025-09-05 10:00:00'),
(9999, '未注册', '', '2025-01-01 00:00:00');

-- ==================== 药品数据 ====================
INSERT INTO medicines (id, code, name, type, spec, price, stock, manufacturer, status) VALUES
(1, 'MED001', '阿莫西林胶囊', '处方药', '0.5g*24粒', 12.80, 0, '哈药集团制药总厂', 'active'),
(2, 'MED002', '布洛芬缓释胶囊', 'OTC', '0.3g*20粒', 9.50, 0, '中美史克制药', 'active'),
(3, 'MED003', '复方感冒灵颗粒', 'OTC', '10g*9袋', 15.00, 0, '华润三九医药', 'active'),
(4, 'MED004', '板蓝根颗粒', 'OTC', '10g*20袋', 18.50, 0, '白云山制药', 'active'),
(5, 'MED005', '维生素C片', 'OTC', '100mg*100片', 8.80, 0, '东北制药集团', 'active'),
(6, 'MED006', '阿司匹林肠溶片', 'OTC', '100mg*30片', 7.50, 0, '拜耳医药保健', 'active'),
(7, 'MED007', '头孢克肟分散片', '处方药', '0.1g*6片', 28.00, 0, '广药集团', 'active'),
(8, 'MED008', '氯雷他定片', 'OTC', '10mg*6片', 12.50, 0, '杨森制药', 'active'),
(9, 'MED009', '蒙脱石散', 'OTC', '3g*10袋', 22.00, 0, '博福益普生', 'active'),
(10, 'MED010', '藿香正气水', 'OTC', '10ml*10支', 11.80, 0, '太极集团', 'active'),
(11, 'MED011', '金嗓子喉片', 'OTC', '12片', 10.50, 0, '金嗓子集团', 'active'),
(12, 'MED012', '六味地黄丸', 'OTC', '200丸', 28.00, 0, '北京同仁堂', 'active'),
(13, 'MED013', '云南白药创可贴', 'OTC', '20片', 13.00, 0, '云南白药集团', 'active'),
(14, 'MED014', '健胃消食片', 'OTC', '32片', 14.50, 0, '江中药业', 'near_expiry'),
(15, 'MED015', '碘伏消毒液', 'OTC', '100ml', 8.00, 0, '利尔康医疗', 'active');

-- ==================== 入库记录 ====================
INSERT INTO inbounds (id, medicine_id, supplier_id, quantity, price, inbound_date) VALUES
(1, 1, 1, 692, 8.32, '2025-10-25 09:00:00'),
(2, 1, 3, 692, 8.32, '2025-11-05 09:00:00'),
(3, 2, 4, 748, 6.17, '2025-10-25 09:00:00'),
(4, 2, 4, 748, 6.17, '2025-11-05 09:00:00'),
(5, 3, 3, 685, 9.75, '2025-10-25 09:00:00'),
(6, 3, 3, 686, 9.75, '2025-11-05 09:00:00'),
(7, 4, 1, 745, 12.03, '2025-10-25 09:00:00'),
(8, 4, 3, 745, 12.03, '2025-11-05 09:00:00'),
(9, 5, 5, 567, 5.72, '2025-10-25 09:00:00'),
(10, 5, 1, 568, 5.72, '2025-11-05 09:00:00'),
(11, 6, 2, 676, 4.88, '2025-10-25 09:00:00'),
(12, 6, 2, 676, 4.88, '2025-11-05 09:00:00'),
(13, 7, 3, 652, 18.20, '2025-10-25 09:00:00'),
(14, 7, 1, 652, 18.20, '2025-11-05 09:00:00'),
(15, 8, 5, 548, 8.12, '2025-10-25 09:00:00'),
(16, 8, 2, 548, 8.12, '2025-11-05 09:00:00'),
(17, 9, 4, 150, 14.30, '2025-10-25 09:00:00'),
(18, 9, 5, 150, 14.30, '2025-11-05 09:00:00'),
(19, 10, 1, 584, 7.67, '2025-10-25 09:00:00'),
(20, 10, 3, 585, 7.67, '2025-11-05 09:00:00'),
(21, 11, 3, 704, 6.83, '2025-10-25 09:00:00'),
(22, 11, 4, 704, 6.83, '2025-11-05 09:00:00'),
(23, 12, 3, 552, 18.20, '2025-10-25 09:00:00'),
(24, 12, 3, 553, 18.20, '2025-11-05 09:00:00'),
(25, 13, 1, 576, 8.45, '2025-10-25 09:00:00'),
(26, 13, 1, 577, 8.45, '2025-11-05 09:00:00'),
(27, 14, 2, 627, 9.43, '2025-10-25 09:00:00'),
(28, 14, 3, 627, 9.43, '2025-11-05 09:00:00'),
(29, 15, 5, 626, 5.20, '2025-10-25 09:00:00'),
(30, 15, 2, 627, 5.20, '2025-11-05 09:00:00');

-- ==================== 销售记录 ====================
INSERT INTO sales (order_id, medicine_id, customer_id, quantity, total_price, sale_date) VALUES
('ORD202511010001', 5, 9999, 7, 61.60, '2025-11-01 18:19:44'),
('ORD202511010002', 2, 30, 10, 95.00, '2025-11-01 18:41:47'),
('ORD202511010003', 2, 9999, 1, 9.50, '2025-11-01 15:33:57'),
('ORD202511010004', 14, 42, 1, 14.50, '2025-11-01 18:34:22'),
('ORD202511010005', 5, 33, 2, 17.60, '2025-11-01 15:12:27'),
('ORD202511010006', 10, 9999, 7, 82.60, '2025-11-01 12:27:52'),
('ORD202511010007', 7, 48, 10, 280.00, '2025-11-01 12:06:11'),
('ORD202511010008', 14, 7, 4, 58.00, '2025-11-01 10:46:08'),
('ORD202511010009', 8, 9999, 9, 112.50, '2025-11-01 15:55:10'),
('ORD202511010010', 3, 2, 10, 150.00, '2025-11-01 18:42:27'),
('ORD202511010011', 8, 12, 9, 112.50, '2025-11-01 11:21:56'),
('ORD202511010012', 14, 12, 4, 58.00, '2025-11-01 14:07:25'),
('ORD202511010013', 7, 43, 5, 140.00, '2025-11-01 14:56:22'),
('ORD202511010014', 14, 9999, 40, 580.00, '2025-11-01 12:08:43'),
('ORD202511020015', 3, 50, 1, 15.00, '2025-11-02 16:55:53'),
('ORD202511020016', 4, 33, 6, 111.00, '2025-11-02 11:07:06'),
('ORD202511020017', 1, 48, 35, 448.00, '2025-11-02 18:20:36'),
('ORD202511020018', 2, 50, 9, 85.50, '2025-11-02 14:31:04'),
('ORD202511020019', 10, 9999, 7, 82.60, '2025-11-02 11:36:35'),
('ORD202511020020', 3, 39, 7, 105.00, '2025-11-02 09:33:43'),
('ORD202511020021', 9, 9999, 4, 88.00, '2025-11-02 16:57:47'),
('ORD202511020022', 7, 43, 4, 112.00, '2025-11-02 14:31:03'),
('ORD202511020023', 15, 9999, 3, 24.00, '2025-11-02 14:10:22'),
('ORD202511030024', 2, 53, 3, 28.50, '2025-11-03 20:37:27'),
('ORD202511030025', 3, 19, 3, 45.00, '2025-11-03 19:30:29'),
('ORD202511030026', 3, 1, 3, 45.00, '2025-11-03 17:25:05'),
('ORD202511030027', 6, 9999, 32, 240.00, '2025-11-03 14:34:41'),
('ORD202511030028', 6, 38, 7, 52.50, '2025-11-03 09:01:29'),
('ORD202511040029', 9, 9999, 6, 132.00, '2025-11-04 17:35:30'),
('ORD202511040030', 11, 9999, 2, 21.00, '2025-11-04 09:57:06'),
('ORD202511040031', 15, 9999, 7, 56.00, '2025-11-04 11:01:10'),
('ORD202511040032', 1, 22, 6, 76.80, '2025-11-04 19:31:42'),
('ORD202511040033', 14, 9999, 6, 87.00, '2025-11-04 14:37:37'),
('ORD202511040034', 4, 9999, 3, 55.50, '2025-11-04 12:04:14'),
('ORD202511040035', 10, 9999, 1, 11.80, '2025-11-04 09:16:28'),
('ORD202511040036', 10, 5, 2, 23.60, '2025-11-04 17:26:53'),
('ORD202511040037', 12, 4, 1, 28.00, '2025-11-04 15:45:43'),
('ORD202511040038', 13, 15, 2, 26.00, '2025-11-04 14:37:53'),
('ORD202511040039', 12, 28, 6, 168.00, '2025-11-04 09:24:07'),
('ORD202511040040', 3, 59, 1, 15.00, '2025-11-04 20:53:51'),
('ORD202511040041', 10, 47, 9, 106.20, '2025-11-04 10:35:04'),
('ORD202511040042', 10, 9, 4, 47.20, '2025-11-04 16:14:30'),
('ORD202511050043', 3, 14, 1, 15.00, '2025-11-05 18:24:28'),
('ORD202511050044', 10, 53, 9, 106.20, '2025-11-05 18:00:34'),
('ORD202511050045', 10, 9999, 1, 11.80, '2025-11-05 09:45:33'),
('ORD202511050046', 8, 20, 1, 12.50, '2025-11-05 17:58:44'),
('ORD202511050047', 8, 17, 6, 75.00, '2025-11-05 09:16:22'),
('ORD202511060048', 15, 51, 7, 56.00, '2025-11-06 11:57:43'),
('ORD202511060049', 2, 2, 7, 66.50, '2025-11-06 16:34:27'),
('ORD202511060050', 4, 23, 5, 92.50, '2025-11-06 15:05:42'),
('ORD202511060051', 9, 9999, 7, 154.00, '2025-11-06 09:55:55'),
('ORD202511060052', 3, 1, 7, 105.00, '2025-11-06 17:34:43'),
('ORD202511070053', 14, 48, 9, 130.50, '2025-11-07 19:57:25'),
('ORD202511070054', 5, 9999, 6, 52.80, '2025-11-07 14:28:29'),
('ORD202511070055', 4, 9999, 10, 185.00, '2025-11-07 16:42:00'),
('ORD202511070056', 12, 59, 8, 224.00, '2025-11-07 12:07:05'),
('ORD202511070057', 12, 30, 1, 28.00, '2025-11-07 11:21:06'),
('ORD202511070058', 3, 16, 2, 30.00, '2025-11-07 14:42:00'),
('ORD202511080059', 4, 9999, 5, 92.50, '2025-11-08 15:46:59'),
('ORD202511080060', 9, 9999, 7, 154.00, '2025-11-08 11:51:12'),
('ORD202511080061', 2, 31, 5, 47.50, '2025-11-08 16:13:37'),
('ORD202511080062', 2, 9999, 9, 85.50, '2025-11-08 12:45:21'),
('ORD202511080063', 6, 9999, 6, 45.00, '2025-11-08 10:26:20'),
('ORD202511080064', 11, 57, 5, 52.50, '2025-11-08 15:34:16'),
('ORD202511080065', 9, 9999, 1, 22.00, '2025-11-08 12:16:45'),
('ORD202511080066', 9, 9999, 7, 154.00, '2025-11-08 14:18:32'),
('ORD202511090067', 15, 9999, 8, 64.00, '2025-11-09 17:21:20'),
('ORD202511090068', 11, 37, 10, 105.00, '2025-11-09 13:08:05'),
('ORD202511090069', 11, 55, 4, 42.00, '2025-11-09 18:50:57'),
('ORD202511090070', 14, 22, 9, 130.50, '2025-11-09 10:55:26'),
('ORD202511090071', 10, 38, 27, 318.60, '2025-11-09 18:41:35'),
('ORD202511090072', 1, 48, 10, 128.00, '2025-11-09 16:56:44'),
('ORD202511090073', 7, 20, 4, 112.00, '2025-11-09 17:24:28'),
('ORD202511090074', 9, 24, 2, 44.00, '2025-11-09 10:42:11'),
('ORD202511090075', 1, 4, 4, 51.20, '2025-11-09 13:17:22'),
('ORD202511090076', 5, 23, 5, 44.00, '2025-11-09 11:12:41'),
('ORD202511090077', 4, 9999, 36, 666.00, '2025-11-09 18:35:31'),
('ORD202511090078', 4, 35, 3, 55.50, '2025-11-09 10:54:53'),
('ORD202511090079', 13, 9999, 6, 78.00, '2025-11-09 13:41:42'),
('ORD202511090080', 9, 9999, 7, 154.00, '2025-11-09 17:49:19'),
('ORD202511090081', 13, 9999, 8, 104.00, '2025-11-09 14:56:37'),
('ORD202511100082', 14, 9999, 7, 101.50, '2025-11-10 15:54:40'),
('ORD202511100083', 5, 46, 3, 26.40, '2025-11-10 11:21:48'),
('ORD202511100084', 12, 9999, 2, 56.00, '2025-11-10 17:33:38'),
('ORD202511100085', 5, 51, 9, 79.20, '2025-11-10 14:39:46'),
('ORD202511100086', 12, 45, 7, 196.00, '2025-11-10 11:46:56'),
('ORD202511100087', 9, 20, 10, 220.00, '2025-11-10 13:16:20'),
('ORD202511110088', 4, 14, 6, 111.00, '2025-11-11 12:33:27'),
('ORD202511110089', 11, 49, 10, 105.00, '2025-11-11 18:00:27'),
('ORD202511110090', 6, 33, 2, 15.00, '2025-11-11 16:57:25'),
('ORD202511110091', 10, 47, 7, 82.60, '2025-11-11 16:23:47'),
('ORD202511110092', 5, 36, 2, 17.60, '2025-11-11 19:17:51'),
('ORD202511110093', 1, 41, 6, 76.80, '2025-11-11 16:10:01'),
('ORD202511120094', 7, 48, 2, 56.00, '2025-11-12 11:56:26'),
('ORD202511120095', 11, 22, 2, 21.00, '2025-11-12 16:56:12'),
('ORD202511120096', 3, 37, 3, 45.00, '2025-11-12 16:22:35'),
('ORD202511120097', 3, 25, 1, 15.00, '2025-11-12 16:36:24'),
('ORD202511120098', 9, 9999, 8, 176.00, '2025-11-12 09:13:17'),
('ORD202511120099', 3, 48, 4, 60.00, '2025-11-12 15:55:17'),
('ORD202511120100', 10, 9999, 3, 35.40, '2025-11-12 16:55:26'),
('ORD202511120101', 5, 41, 1, 8.80, '2025-11-12 13:35:29'),
('ORD202511120102', 9, 9999, 5, 110.00, '2025-11-12 11:04:05'),
('ORD202511120103', 4, 9999, 3, 55.50, '2025-11-12 19:22:52'),
('ORD202511120104', 8, 9, 9, 112.50, '2025-11-12 17:59:05'),
('ORD202511120105', 5, 35, 10, 88.00, '2025-11-12 16:58:52'),
('ORD202511120106', 1, 15, 6, 76.80, '2025-11-12 09:40:28'),
('ORD202511120107', 11, 9999, 4, 42.00, '2025-11-12 14:20:09'),
('ORD202511120108', 15, 13, 2, 16.00, '2025-11-12 12:54:14'),
('ORD202511130109', 3, 25, 7, 105.00, '2025-11-13 19:05:23'),
('ORD202511130110', 4, 9999, 3, 55.50, '2025-11-13 14:57:53'),
('ORD202511130111', 9, 19, 10, 220.00, '2025-11-13 10:34:17'),
('ORD202511130112', 2, 51, 1, 9.50, '2025-11-13 20:43:40'),
('ORD202511130113', 4, 9999, 1, 18.50, '2025-11-13 16:59:37'),
('ORD202511130114', 2, 47, 6, 57.00, '2025-11-13 11:38:21'),
('ORD202511140115', 5, 45, 3, 26.40, '2025-11-14 16:32:07'),
('ORD202511140116', 5, 13, 4, 35.20, '2025-11-14 15:04:37'),
('ORD202511140117', 5, 9999, 4, 35.20, '2025-11-14 18:58:21'),
('ORD202511140118', 10, 28, 3, 35.40, '2025-11-14 13:27:28'),
('ORD202511140119', 1, 23, 2, 25.60, '2025-11-14 17:55:12'),
('ORD202511140120', 12, 47, 5, 140.00, '2025-11-14 19:12:18'),
('ORD202511140121', 11, 9999, 2, 21.00, '2025-11-14 13:52:55'),
('ORD202511140122', 5, 43, 5, 44.00, '2025-11-14 15:39:59'),
('ORD202511140123', 2, 54, 6, 57.00, '2025-11-14 12:30:22'),
('ORD202511140124', 3, 39, 49, 735.00, '2025-11-14 17:33:09'),
('ORD202511140125', 5, 26, 8, 70.40, '2025-11-14 12:35:59'),
('ORD202511140126', 7, 1, 5, 140.00, '2025-11-14 16:00:43'),
('ORD202511150127', 14, 41, 3, 43.50, '2025-11-15 16:52:48'),
('ORD202511150128', 4, 46, 1, 18.50, '2025-11-15 14:22:06'),
('ORD202511150129', 15, 9999, 10, 80.00, '2025-11-15 13:02:52'),
('ORD202511150130', 5, 9999, 3, 26.40, '2025-11-15 14:57:48'),
('ORD202511150131', 9, 54, 6, 132.00, '2025-11-15 11:19:08'),
('ORD202511150132', 15, 22, 7, 56.00, '2025-11-15 20:54:29'),
('ORD202511150133', 8, 33, 9, 112.50, '2025-11-15 16:27:07'),
('ORD202511150134', 11, 9999, 5, 52.50, '2025-11-15 11:20:36'),
('ORD202511150135', 7, 25, 4, 112.00, '2025-11-15 16:07:13'),
('ORD202511150136', 3, 26, 7, 105.00, '2025-11-15 17:15:04'),
('ORD202511150137', 15, 9999, 7, 56.00, '2025-11-15 19:30:26'),
('ORD202511160138', 12, 9999, 6, 168.00, '2025-11-16 13:01:38'),
('ORD202511160139', 12, 9999, 9, 252.00, '2025-11-16 12:18:26'),
('ORD202511160140', 5, 19, 5, 44.00, '2025-11-16 20:42:57'),
('ORD202511160141', 15, 9999, 1, 8.00, '2025-11-16 20:32:47'),
('ORD202511160142', 6, 7, 8, 60.00, '2025-11-16 16:55:28'),
('ORD202511160143', 13, 25, 5, 65.00, '2025-11-16 18:46:55'),
('ORD202511160144', 12, 35, 9, 252.00, '2025-11-16 16:01:43'),
('ORD202511160145', 6, 18, 7, 52.50, '2025-11-16 15:40:27'),
('ORD202511170146', 3, 9999, 8, 120.00, '2025-11-17 12:32:13'),
('ORD202511170147', 11, 45, 6, 63.00, '2025-11-17 10:35:19'),
('ORD202511170148', 12, 53, 6, 168.00, '2025-11-17 10:13:06'),
('ORD202511170149', 6, 9999, 27, 202.50, '2025-11-17 20:21:00'),
('ORD202511170150', 4, 30, 2, 37.00, '2025-11-17 16:58:57'),
('ORD202511180151', 2, 35, 3, 28.50, '2025-11-18 09:29:30'),
('ORD202511180152', 4, 8, 10, 185.00, '2025-11-18 16:31:56'),
('ORD202511180153', 3, 26, 2, 30.00, '2025-11-18 11:26:12'),
('ORD202511180154', 7, 59, 7, 196.00, '2025-11-18 18:56:52'),
('ORD202511180155', 8, 9999, 6, 75.00, '2025-11-18 09:58:28'),
('ORD202511180156', 3, 8, 6, 90.00, '2025-11-18 15:21:26'),
('ORD202511180157', 10, 8, 7, 82.60, '2025-11-18 20:47:35'),
('ORD202511180158', 5, 14, 5, 44.00, '2025-11-18 11:47:35'),
('ORD202511190159', 4, 43, 7, 129.50, '2025-11-19 16:37:58'),
('ORD202511190160', 6, 19, 7, 52.50, '2025-11-19 16:02:30'),
('ORD202511190161', 12, 31, 7, 196.00, '2025-11-19 20:01:32'),
('ORD202511190162', 10, 9, 8, 94.40, '2025-11-19 16:16:31'),
('ORD202511190163', 9, 12, 10, 220.00, '2025-11-19 12:40:48'),
('ORD202511190164', 2, 45, 4, 38.00, '2025-11-19 19:17:51'),
('ORD202511190165', 15, 9999, 3, 24.00, '2025-11-19 15:29:06'),
('ORD202511190166', 11, 12, 6, 63.00, '2025-11-19 15:27:19'),
('ORD202511200167', 11, 54, 2, 21.00, '2025-11-20 09:01:17'),
('ORD202511200168', 8, 9999, 4, 50.00, '2025-11-20 09:37:30'),
('ORD202511200169', 4, 34, 9, 166.50, '2025-11-20 13:05:08'),
('ORD202511200170', 12, 48, 9, 252.00, '2025-11-20 09:57:02'),
('ORD202511200171', 12, 22, 2, 56.00, '2025-11-20 17:55:44'),
('ORD202511200172', 5, 23, 9, 79.20, '2025-11-20 11:33:24'),
('ORD202511200173', 2, 9999, 10, 95.00, '2025-11-20 09:53:27'),
('ORD202511200174', 2, 23, 7, 66.50, '2025-11-20 17:59:54'),
('ORD202511200175', 14, 9999, 7, 101.50, '2025-11-20 17:08:47'),
('ORD202511200176', 13, 37, 7, 91.00, '2025-11-20 16:14:51'),
('ORD202511200177', 15, 57, 1, 8.00, '2025-11-20 15:57:58'),
('ORD202511200178', 12, 35, 1, 28.00, '2025-11-20 14:24:50'),
('ORD202511200179', 12, 13, 3, 84.00, '2025-11-20 17:24:58'),
('ORD202511210180', 2, 34, 17, 161.50, '2025-11-21 16:04:53'),
('ORD202511210181', 4, 8, 2, 37.00, '2025-11-21 13:25:30'),
('ORD202511210182', 5, 9999, 8, 70.40, '2025-11-21 16:06:05'),
('ORD202511210183', 8, 6, 10, 125.00, '2025-11-21 13:19:56'),
('ORD202511210184', 5, 9, 8, 70.40, '2025-11-21 10:17:17'),
('ORD202511210185', 7, 4, 1, 28.00, '2025-11-21 15:39:58'),
('ORD202511210186', 4, 55, 10, 185.00, '2025-11-21 10:52:10'),
('ORD202511210187', 14, 9999, 4, 58.00, '2025-11-21 19:33:50'),
('ORD202511210188', 4, 50, 9, 166.50, '2025-11-21 11:02:12'),
('ORD202511210189', 2, 9999, 10, 95.00, '2025-11-21 12:22:13'),
('ORD202511220190', 3, 23, 7, 105.00, '2025-11-22 16:32:37'),
('ORD202511220191', 13, 9999, 9, 117.00, '2025-11-22 20:07:54'),
('ORD202511220192', 9, 9999, 6, 132.00, '2025-11-22 18:33:47'),
('ORD202511220193', 3, 29, 9, 135.00, '2025-11-22 10:49:34'),
('ORD202511220194', 12, 7, 6, 168.00, '2025-11-22 11:14:14'),
('ORD202511220195', 11, 9999, 9, 94.50, '2025-11-22 19:50:16'),
('ORD202511220196', 5, 9999, 4, 35.20, '2025-11-22 17:42:42'),
('ORD202511220197', 13, 40, 4, 52.00, '2025-11-22 17:59:30'),
('ORD202511220198', 12, 9999, 3, 84.00, '2025-11-22 20:38:39'),
('ORD202511220199', 6, 46, 1, 7.50, '2025-11-22 14:55:59'),
('ORD202511220200', 5, 29, 2, 17.60, '2025-11-22 11:43:09'),
('ORD202511220201', 5, 12, 2, 17.60, '2025-11-22 19:45:40'),
('ORD202511220202', 3, 26, 1, 15.00, '2025-11-22 18:34:38'),
('ORD202511220203', 9, 25, 24, 528.00, '2025-11-22 20:03:47'),
('ORD202511230204', 8, 9999, 9, 112.50, '2025-11-23 12:27:53'),
('ORD202511230205', 8, 13, 3, 37.50, '2025-11-23 10:59:22'),
('ORD202511230206', 4, 9999, 8, 148.00, '2025-11-23 19:14:03'),
('ORD202511230207', 3, 9999, 7, 105.00, '2025-11-23 14:04:17'),
('ORD202511230208', 4, 9999, 8, 148.00, '2025-11-23 16:41:34'),
('ORD202511230209', 9, 9999, 1, 22.00, '2025-11-23 18:49:29'),
('ORD202511240210', 12, 22, 1, 28.00, '2025-11-24 18:05:57'),
('ORD202511240211', 1, 18, 10, 128.00, '2025-11-24 13:59:35'),
('ORD202511240212', 3, 9999, 4, 60.00, '2025-11-24 19:53:42'),
('ORD202511240213', 13, 48, 6, 78.00, '2025-11-24 11:55:15'),
('ORD202511240214', 3, 51, 5, 75.00, '2025-11-24 15:39:49'),
('ORD202511250215', 13, 9999, 1, 13.00, '2025-11-25 16:44:04'),
('ORD202511250216', 12, 9999, 9, 252.00, '2025-11-25 18:49:31'),
('ORD202511250217', 9, 33, 5, 110.00, '2025-11-25 10:46:22'),
('ORD202511250218', 7, 21, 1, 28.00, '2025-11-25 13:49:23'),
('ORD202511250219', 1, 10, 9, 115.20, '2025-11-25 15:18:47'),
('ORD202511250220', 1, 13, 8, 102.40, '2025-11-25 16:54:38'),
('ORD202511260221', 5, 9999, 1, 8.80, '2025-11-26 19:09:28'),
('ORD202511260222', 15, 34, 8, 64.00, '2025-11-26 19:18:52'),
('ORD202511260223', 8, 17, 7, 87.50, '2025-11-26 15:13:52'),
('ORD202511260224', 3, 9999, 9, 135.00, '2025-11-26 14:33:51'),
('ORD202511260225', 1, 60, 22, 281.60, '2025-11-26 16:34:39'),
('ORD202511260226', 8, 13, 10, 125.00, '2025-11-26 09:47:19'),
('ORD202511260227', 11, 9999, 7, 73.50, '2025-11-26 13:58:13'),
('ORD202511260228', 12, 9999, 8, 224.00, '2025-11-26 13:59:34'),
('ORD202511260229', 12, 23, 5, 140.00, '2025-11-26 17:09:07'),
('ORD202511260230', 8, 42, 3, 37.50, '2025-11-26 14:05:41'),
('ORD202511260231', 2, 44, 6, 57.00, '2025-11-26 12:14:15'),
('ORD202511260232', 14, 59, 10, 145.00, '2025-11-26 16:22:50'),
('ORD202511260233', 1, 41, 3, 38.40, '2025-11-26 13:39:38'),
('ORD202511260234', 4, 6, 3, 55.50, '2025-11-26 17:50:27'),
('ORD202511260235', 13, 9999, 10, 130.00, '2025-11-26 17:52:01'),
('ORD202511270236', 1, 15, 3, 38.40, '2025-11-27 19:53:18'),
('ORD202511270237', 14, 58, 5, 72.50, '2025-11-27 11:27:59'),
('ORD202511270238', 6, 5, 2, 15.00, '2025-11-27 12:30:41'),
('ORD202511270239', 10, 26, 5, 59.00, '2025-11-27 17:07:29'),
('ORD202511270240', 4, 9999, 1, 18.50, '2025-11-27 09:19:59'),
('ORD202511270241', 1, 22, 1, 12.80, '2025-11-27 09:01:41'),
('ORD202511270242', 2, 9999, 10, 95.00, '2025-11-27 18:00:33'),
('ORD202511280243', 11, 25, 3, 31.50, '2025-11-28 15:32:16'),
('ORD202511280244', 1, 33, 2, 25.60, '2025-11-28 12:54:24'),
('ORD202511280245', 8, 9999, 7, 87.50, '2025-11-28 20:22:06'),
('ORD202511280246', 1, 6, 4, 51.20, '2025-11-28 14:49:44'),
('ORD202511280247', 11, 9999, 3, 31.50, '2025-11-28 19:43:17'),
('ORD202511280248', 7, 29, 1, 28.00, '2025-11-28 14:19:06'),
('ORD202511280249', 14, 9999, 5, 72.50, '2025-11-28 17:29:02'),
('ORD202511280250', 4, 48, 8, 148.00, '2025-11-28 16:33:55'),
('ORD202511280251', 6, 24, 2, 15.00, '2025-11-28 13:16:10'),
('ORD202511280252', 14, 43, 5, 72.50, '2025-11-28 14:26:52'),
('ORD202511280253', 5, 45, 10, 88.00, '2025-11-28 16:07:08'),
('ORD202511280254', 8, 56, 4, 50.00, '2025-11-28 15:12:18'),
('ORD202511280255', 12, 1, 3, 84.00, '2025-11-28 18:09:37'),
('ORD202511280256', 11, 35, 6, 63.00, '2025-11-28 15:13:22'),
('ORD202511290257', 3, 9999, 9, 135.00, '2025-11-29 12:07:42'),
('ORD202511290258', 8, 9999, 9, 112.50, '2025-11-29 16:05:19'),
('ORD202511290259', 13, 12, 3, 39.00, '2025-11-29 18:50:49'),
('ORD202511290260', 10, 29, 7, 82.60, '2025-11-29 09:08:09'),
('ORD202511290261', 15, 9999, 7, 56.00, '2025-11-29 20:57:28'),
('ORD202511290262', 11, 5, 3, 31.50, '2025-11-29 20:25:22'),
('ORD202511290263', 9, 36, 7, 154.00, '2025-11-29 13:45:45'),
('ORD202511290264', 14, 9999, 9, 130.50, '2025-11-29 20:45:12'),
('ORD202511290265', 6, 45, 4, 30.00, '2025-11-29 16:59:02'),
('ORD202511290266', 4, 6, 6, 111.00, '2025-11-29 09:02:45'),
('ORD202511290267', 11, 14, 1, 10.50, '2025-11-29 11:45:27'),
('ORD202511290268', 4, 9999, 4, 74.00, '2025-11-29 11:18:28'),
('ORD202511290269', 5, 9999, 4, 35.20, '2025-11-29 11:28:14'),
('ORD202511290270', 11, 34, 4, 42.00, '2025-11-29 09:33:55'),
('ORD202511290271', 5, 19, 5, 44.00, '2025-11-29 12:25:14'),
('ORD202511300272', 12, 34, 4, 112.00, '2025-11-30 13:02:54'),
('ORD202511300273', 12, 28, 4, 112.00, '2025-11-30 11:58:05'),
('ORD202511300274', 4, 5, 3, 55.50, '2025-11-30 17:19:43'),
('ORD202511300275', 6, 44, 1, 7.50, '2025-11-30 10:05:58'),
('ORD202511300276', 2, 9999, 10, 95.00, '2025-11-30 20:10:14'),
('ORD202511300277', 5, 9999, 6, 52.80, '2025-11-30 15:28:32'),
('ORD202511300278', 1, 36, 3, 38.40, '2025-11-30 15:57:17'),
('ORD202511300279', 2, 28, 9, 85.50, '2025-11-30 09:35:16'),
('ORD202511300280', 12, 9999, 9, 252.00, '2025-11-30 14:32:30'),
('ORD202511300281', 8, 9999, 9, 112.50, '2025-11-30 19:48:47'),
('ORD202511300282', 7, 31, 6, 168.00, '2025-11-30 11:42:17'),
('ORD202511300283', 3, 9999, 5, 75.00, '2025-11-30 17:54:34'),
('ORD202511300284', 5, 54, 2, 17.60, '2025-11-30 20:40:40'),
('ORD202511300285', 12, 9999, 2, 56.00, '2025-11-30 12:20:23'),
('ORD202511300286', 2, 44, 1, 9.50, '2025-11-30 17:34:47'),
('ORD202512010287', 14, 14, 8, 116.00, '2025-12-01 12:59:14'),
('ORD202512010288', 7, 51, 9, 252.00, '2025-12-01 18:51:06'),
('ORD202512010289', 13, 32, 6, 78.00, '2025-12-01 10:54:03'),
('ORD202512010290', 15, 30, 2, 16.00, '2025-12-01 17:11:06'),
('ORD202512010291', 3, 4, 9, 135.00, '2025-12-01 19:13:03'),
('ORD202512010292', 9, 37, 4, 88.00, '2025-12-01 19:16:07'),
('ORD202512010293', 9, 48, 1, 22.00, '2025-12-01 16:42:42'),
('ORD202512020294', 8, 9999, 4, 50.00, '2025-12-02 11:55:23'),
('ORD202512020295', 5, 31, 7, 61.60, '2025-12-02 13:47:52'),
('ORD202512020296', 8, 11, 10, 125.00, '2025-12-02 19:41:55'),
('ORD202512020297', 4, 38, 6, 111.00, '2025-12-02 18:40:56'),
('ORD202512020298', 4, 9999, 9, 166.50, '2025-12-02 20:03:19'),
('ORD202512020299', 11, 9, 4, 42.00, '2025-12-02 16:26:16'),
('ORD202512020300', 2, 9999, 1, 9.50, '2025-12-02 10:58:45'),
('ORD202512030301', 10, 10, 5, 59.00, '2025-12-03 17:23:46'),
('ORD202512030302', 9, 41, 1, 22.00, '2025-12-03 12:35:42'),
('ORD202512030303', 7, 48, 10, 280.00, '2025-12-03 14:22:40'),
('ORD202512030304', 14, 53, 9, 130.50, '2025-12-03 19:55:06'),
('ORD202512030305', 12, 9999, 6, 168.00, '2025-12-03 14:31:35'),
('ORD202512030306', 5, 9999, 8, 70.40, '2025-12-03 12:00:54'),
('ORD202512040307', 14, 55, 4, 58.00, '2025-12-04 19:28:17'),
('ORD202512040308', 1, 18, 5, 64.00, '2025-12-04 20:44:09'),
('ORD202512040309', 10, 15, 9, 106.20, '2025-12-04 14:03:01'),
('ORD202512040310', 13, 9999, 2, 26.00, '2025-12-04 18:57:05'),
('ORD202512040311', 4, 35, 3, 55.50, '2025-12-04 13:33:23'),
('ORD202512040312', 8, 2, 10, 125.00, '2025-12-04 18:24:05'),
('ORD202512040313', 7, 19, 1, 28.00, '2025-12-04 16:13:28'),
('ORD202512040314', 7, 51, 6, 168.00, '2025-12-04 10:18:28'),
('ORD202512050315', 5, 41, 10, 88.00, '2025-12-05 18:10:47'),
('ORD202512050316', 12, 57, 8, 224.00, '2025-12-05 15:41:51'),
('ORD202512050317', 13, 24, 10, 130.00, '2025-12-05 20:04:32'),
('ORD202512050318', 11, 40, 5, 52.50, '2025-12-05 11:33:18'),
('ORD202512050319', 7, 19, 33, 924.00, '2025-12-05 19:43:03'),
('ORD202512050320', 6, 46, 2, 15.00, '2025-12-05 18:56:54'),
('ORD202512050321', 13, 9999, 5, 65.00, '2025-12-05 12:48:16'),
('ORD202512050322', 10, 45, 3, 35.40, '2025-12-05 09:06:39'),
('ORD202512050323', 9, 52, 5, 110.00, '2025-12-05 14:45:45'),
('ORD202512050324', 4, 47, 10, 185.00, '2025-12-05 09:26:49'),
('ORD202512050325', 1, 1, 4, 51.20, '2025-12-05 17:53:27'),
('ORD202512050326', 2, 34, 7, 66.50, '2025-12-05 18:26:58'),
('ORD202512050327', 15, 50, 5, 40.00, '2025-12-05 09:41:34'),
('ORD202512050328', 10, 20, 1, 11.80, '2025-12-05 13:03:06'),
('ORD202512060329', 8, 45, 5, 62.50, '2025-12-06 16:24:59'),
('ORD202512060330', 12, 18, 3, 84.00, '2025-12-06 16:49:01'),
('ORD202512060331', 9, 9999, 1, 22.00, '2025-12-06 16:28:22'),
('ORD202512060332', 15, 9999, 9, 72.00, '2025-12-06 16:38:29'),
('ORD202512060333', 12, 9999, 10, 280.00, '2025-12-06 11:42:38'),
('ORD202512060334', 3, 9999, 4, 60.00, '2025-12-06 14:13:08'),
('ORD202512060335', 4, 9999, 8, 148.00, '2025-12-06 12:36:14'),
('ORD202512060336', 9, 51, 7, 154.00, '2025-12-06 10:20:50'),
('ORD202512060337', 10, 9999, 9, 106.20, '2025-12-06 09:31:51'),
('ORD202512060338', 4, 9999, 8, 148.00, '2025-12-06 14:24:11'),
('ORD202512060339', 3, 15, 6, 90.00, '2025-12-06 18:00:15'),
('ORD202512060340', 3, 9999, 3, 45.00, '2025-12-06 10:48:44'),
('ORD202512060341', 9, 29, 7, 154.00, '2025-12-06 17:31:16'),
('ORD202512060342', 12, 9999, 7, 196.00, '2025-12-06 15:46:38'),
('ORD202512070343', 12, 9999, 1, 28.00, '2025-12-07 11:42:49'),
('ORD202512070344', 10, 9999, 7, 82.60, '2025-12-07 09:18:53'),
('ORD202512070345', 8, 9999, 1, 12.50, '2025-12-07 15:14:01'),
('ORD202512070346', 9, 18, 10, 220.00, '2025-12-07 17:25:09'),
('ORD202512070347', 5, 30, 9, 79.20, '2025-12-07 16:03:25'),
('ORD202512080348', 7, 21, 2, 56.00, '2025-12-08 20:11:39'),
('ORD202512080349', 4, 15, 6, 111.00, '2025-12-08 13:01:16'),
('ORD202512080350', 8, 40, 2, 25.00, '2025-12-08 15:15:41'),
('ORD202512080351', 4, 53, 9, 166.50, '2025-12-08 12:51:13'),
('ORD202512080352', 13, 19, 4, 52.00, '2025-12-08 15:18:52'),
('ORD202512080353', 9, 42, 5, 110.00, '2025-12-08 10:02:38'),
('ORD202512080354', 12, 9999, 10, 280.00, '2025-12-08 10:22:53'),
('ORD202512080355', 9, 33, 3, 66.00, '2025-12-08 09:52:30'),
('ORD202512090356', 4, 47, 3, 55.50, '2025-12-09 09:48:51'),
('ORD202512090357', 14, 9999, 1, 14.50, '2025-12-09 09:59:45'),
('ORD202512090358', 4, 27, 5, 92.50, '2025-12-09 15:22:58'),
('ORD202512090359', 15, 2, 1, 8.00, '2025-12-09 12:18:09'),
('ORD202512090360', 5, 9999, 4, 35.20, '2025-12-09 17:33:22'),
('ORD202512090361', 13, 43, 10, 130.00, '2025-12-09 20:14:58'),
('ORD202512090362', 13, 28, 9, 117.00, '2025-12-09 09:55:11'),
('ORD202512090363', 11, 9999, 6, 63.00, '2025-12-09 13:41:13'),
('ORD202512090364', 11, 9999, 3, 31.50, '2025-12-09 16:34:33'),
('ORD202512090365', 15, 3, 6, 48.00, '2025-12-09 15:23:58'),
('ORD202512090366', 4, 9999, 7, 129.50, '2025-12-09 13:10:53'),
('ORD202512100367', 6, 2, 9, 67.50, '2025-12-10 17:39:53'),
('ORD202512100368', 13, 9999, 7, 91.00, '2025-12-10 14:51:13'),
('ORD202512100369', 13, 33, 5, 65.00, '2025-12-10 16:21:37'),
('ORD202512100370', 8, 31, 4, 50.00, '2025-12-10 14:32:56'),
('ORD202512100371', 4, 9999, 1, 18.50, '2025-12-10 13:30:53'),
('ORD202512100372', 7, 27, 6, 168.00, '2025-12-10 19:28:35'),
('ORD202512100373', 14, 12, 1, 14.50, '2025-12-10 18:25:21'),
('ORD202512100374', 3, 49, 3, 45.00, '2025-12-10 13:36:46'),
('ORD202512100375', 9, 42, 1, 22.00, '2025-12-10 17:00:44'),
('ORD202512100376', 8, 45, 3, 37.50, '2025-12-10 19:00:03'),
('ORD202512100377', 7, 38, 7, 196.00, '2025-12-10 12:28:22'),
('ORD202512100378', 5, 13, 7, 61.60, '2025-12-10 17:16:33'),
('ORD202512100379', 12, 21, 1, 28.00, '2025-12-10 20:20:05'),
('ORD202512100380', 12, 31, 10, 280.00, '2025-12-10 14:48:33'),
('ORD202512110381', 13, 9999, 8, 104.00, '2025-12-11 16:28:39'),
('ORD202512110382', 15, 3, 9, 72.00, '2025-12-11 19:02:49'),
('ORD202512110383', 2, 43, 2, 19.00, '2025-12-11 12:53:44'),
('ORD202512110384', 5, 40, 7, 61.60, '2025-12-11 18:39:28'),
('ORD202512110385', 13, 39, 2, 26.00, '2025-12-11 13:30:44'),
('ORD202512110386', 10, 21, 6, 70.80, '2025-12-11 09:29:14'),
('ORD202512110387', 2, 49, 10, 95.00, '2025-12-11 15:12:31'),
('ORD202512110388', 14, 9999, 5, 72.50, '2025-12-11 12:23:05'),
('ORD202512110389', 12, 9999, 2, 56.00, '2025-12-11 10:56:24'),
('ORD202512110390', 12, 43, 9, 252.00, '2025-12-11 15:01:48'),
('ORD202512110391', 6, 19, 3, 22.50, '2025-12-11 10:16:55'),
('ORD202512110392', 7, 47, 4, 112.00, '2025-12-11 09:46:13'),
('ORD202512120393', 5, 9999, 10, 88.00, '2025-12-12 11:36:24'),
('ORD202512120394', 3, 9999, 7, 105.00, '2025-12-12 17:30:54'),
('ORD202512120395', 5, 11, 8, 70.40, '2025-12-12 16:37:29'),
('ORD202512120396', 7, 3, 3, 84.00, '2025-12-12 18:27:33'),
('ORD202512120397', 11, 9999, 6, 63.00, '2025-12-12 15:06:54'),
('ORD202512120398', 6, 41, 9, 67.50, '2025-12-12 12:53:02'),
('ORD202512120399', 10, 39, 3, 35.40, '2025-12-12 19:14:17'),
('ORD202512120400', 11, 18, 9, 94.50, '2025-12-12 17:27:57'),
('ORD202512120401', 3, 13, 10, 150.00, '2025-12-12 13:59:14'),
('ORD202512120402', 14, 19, 2, 29.00, '2025-12-12 15:31:44'),
('ORD202512120403', 8, 50, 6, 75.00, '2025-12-12 09:32:09'),
('ORD202512120404', 8, 1, 5, 62.50, '2025-12-12 15:38:50'),
('ORD202512120405', 10, 27, 4, 47.20, '2025-12-12 13:44:41'),
('ORD202512120406', 1, 24, 5, 64.00, '2025-12-12 15:51:03'),
('ORD202512130407', 10, 48, 9, 106.20, '2025-12-13 14:43:01'),
('ORD202512130408', 15, 7, 1, 8.00, '2025-12-13 11:35:09'),
('ORD202512130409', 15, 9999, 10, 80.00, '2025-12-13 13:27:33'),
('ORD202512130410', 9, 51, 4, 88.00, '2025-12-13 11:58:49'),
('ORD202512130411', 4, 9, 10, 185.00, '2025-12-13 09:15:35'),
('ORD202512130412', 10, 34, 9, 106.20, '2025-12-13 09:47:06'),
('ORD202512130413', 2, 9999, 6, 57.00, '2025-12-13 13:20:51'),
('ORD202512130414', 11, 9999, 10, 105.00, '2025-12-13 15:23:15'),
('ORD202512130415', 15, 9999, 8, 64.00, '2025-12-13 09:30:32'),
('ORD202512130416', 5, 50, 7, 61.60, '2025-12-13 14:17:44'),
('ORD202512140417', 5, 17, 1, 8.80, '2025-12-14 14:30:02'),
('ORD202512140418', 15, 9999, 10, 80.00, '2025-12-14 13:22:14'),
('ORD202512140419', 7, 55, 8, 224.00, '2025-12-14 09:44:10'),
('ORD202512140420', 9, 9999, 1, 22.00, '2025-12-14 11:17:41'),
('ORD202512140421', 13, 9999, 8, 104.00, '2025-12-14 10:46:20'),
('ORD202512140422', 13, 7, 8, 104.00, '2025-12-14 15:24:46'),
('ORD202512140423', 4, 9999, 1, 18.50, '2025-12-14 14:19:29'),
('ORD202512140424', 12, 39, 7, 196.00, '2025-12-14 12:50:54'),
('ORD202512140425', 12, 8, 10, 280.00, '2025-12-14 16:07:21'),
('ORD202512140426', 4, 20, 1, 18.50, '2025-12-14 09:44:36'),
('ORD202512140427', 12, 14, 6, 168.00, '2025-12-14 20:42:00'),
('ORD202512140428', 1, 38, 2, 25.60, '2025-12-14 10:37:06'),
('ORD202512140429', 10, 7, 3, 35.40, '2025-12-14 18:05:45'),
('ORD202512140430', 5, 35, 7, 61.60, '2025-12-14 20:47:07'),
('ORD202512150431', 8, 36, 2, 25.00, '2025-12-15 12:39:35'),
('ORD202512150432', 13, 2, 2, 26.00, '2025-12-15 11:06:19'),
('ORD202512150433', 15, 17, 7, 56.00, '2025-12-15 19:31:55'),
('ORD202512150434', 13, 18, 2, 26.00, '2025-12-15 11:29:46'),
('ORD202512150435', 5, 19, 10, 88.00, '2025-12-15 20:17:10'),
('ORD202512150436', 3, 9999, 5, 75.00, '2025-12-15 10:34:12'),
('ORD202512150437', 1, 25, 2, 25.60, '2025-12-15 13:35:49'),
('ORD202512150438', 13, 56, 3, 39.00, '2025-12-15 13:08:23'),
('ORD202512150439', 4, 9999, 9, 166.50, '2025-12-15 09:31:47'),
('ORD202512150440', 4, 50, 8, 148.00, '2025-12-15 19:23:24'),
('ORD202512150441', 10, 9999, 3, 35.40, '2025-12-15 13:28:10'),
('ORD202512150442', 4, 46, 10, 185.00, '2025-12-15 10:48:33'),
('ORD202512150443', 5, 9999, 1, 8.80, '2025-12-15 10:36:14'),
('ORD202512150444', 10, 32, 6, 70.80, '2025-12-15 20:40:20'),
('ORD202512150445', 15, 13, 4, 32.00, '2025-12-15 10:40:52'),
('ORD202512160446', 14, 9999, 6, 87.00, '2025-12-16 20:18:05'),
('ORD202512160447', 3, 21, 36, 540.00, '2025-12-16 16:18:08'),
('ORD202512160448', 2, 50, 1, 9.50, '2025-12-16 19:54:06'),
('ORD202512160449', 9, 1, 4, 88.00, '2025-12-16 18:25:36'),
('ORD202512160450', 6, 26, 4, 30.00, '2025-12-16 16:25:03'),
('ORD202512160451', 3, 2, 27, 405.00, '2025-12-16 11:31:32'),
('ORD202512160452', 7, 51, 2, 56.00, '2025-12-16 12:31:34'),
('ORD202512160453', 6, 9999, 7, 52.50, '2025-12-16 18:20:34'),
('ORD202512160454', 12, 9999, 10, 280.00, '2025-12-16 19:17:56'),
('ORD202512170455', 7, 5, 2, 56.00, '2025-12-17 09:22:02'),
('ORD202512170456', 8, 9999, 7, 87.50, '2025-12-17 10:45:29'),
('ORD202512170457', 15, 9999, 8, 64.00, '2025-12-17 14:46:14'),
('ORD202512170458', 4, 31, 6, 111.00, '2025-12-17 14:40:40'),
('ORD202512170459', 7, 8, 1, 28.00, '2025-12-17 10:23:34'),
('ORD202512170460', 7, 23, 3, 84.00, '2025-12-17 13:09:41'),
('ORD202512170461', 4, 9999, 7, 129.50, '2025-12-17 14:19:45'),
('ORD202512170462', 5, 33, 8, 70.40, '2025-12-17 14:45:30'),
('ORD202512170463', 12, 9999, 7, 196.00, '2025-12-17 09:31:11'),
('ORD202512170464', 2, 9999, 9, 85.50, '2025-12-17 17:44:14'),
('ORD202512170465', 6, 31, 8, 60.00, '2025-12-17 14:05:33'),
('ORD202512170466', 13, 36, 10, 130.00, '2025-12-17 16:58:01'),
('ORD202512170467', 6, 49, 4, 30.00, '2025-12-17 11:09:09'),
('ORD202512170468', 8, 56, 8, 100.00, '2025-12-17 11:11:54'),
('ORD202512180469', 8, 9999, 10, 125.00, '2025-12-18 09:27:01'),
('ORD202512180470', 15, 48, 10, 80.00, '2025-12-18 10:09:13'),
('ORD202512180471', 11, 9999, 9, 94.50, '2025-12-18 11:33:14'),
('ORD202512180472', 2, 53, 6, 57.00, '2025-12-18 12:01:13'),
('ORD202512180476', 11, 22, 1, 10.50, '2025-12-18 13:26:04'),
('ORD202512180477', 5, 36, 6, 52.80, '2025-12-18 14:54:40'),
('ORD202512180478', 7, 41, 2, 56.00, '2025-12-18 15:54:30'),
('ORD202512180480', 3, 56, 2, 30.00, '2025-12-18 16:41:35'),
('ORD202512180481', 8, 20, 9, 112.50, '2025-12-18 17:12:10'),
('ORD202512180482', 15, 9999, 3, 24.00, '2025-12-18 17:59:56');

-- 预计总营收: 44635.20

-- 更新库存（根据入库和销售计算）
UPDATE medicines SET stock = 
    (SELECT COALESCE(SUM(quantity), 0) FROM inbounds WHERE medicine_id = medicines.id) -
    (SELECT COALESCE(SUM(quantity), 0) FROM sales WHERE medicine_id = medicines.id);

-- 再次强制设置缺货状态（如果逻辑有漏）
-- 实际上面的逻辑已经保证了蒙脱石散 (ID 9) 可能会被买光
-- 这里我们确保它库存为 0 并状态为 'out_of_stock' 如果确实为0
UPDATE medicines SET status = 'out_of_stock' WHERE stock <= 0;

-- ==================== 补充员工数据 (目前 1，需 +49) ====================
INSERT INTO users (username, password, role, created_at) VALUES 
('staff001', '$2a$10$N9qo8uLOickgx2ZMRZoMyeIjZAgcfl7p92ldGxad68LJZdL17lhWy', 'staff', NOW()),
('staff002', '$2a$10$N9qo8uLOickgx2ZMRZoMyeIjZAgcfl7p92ldGxad68LJZdL17lhWy', 'staff', NOW()),
('staff003', '$2a$10$N9qo8uLOickgx2ZMRZoMyeIjZAgcfl7p92ldGxad68LJZdL17lhWy', 'staff', NOW()),
('staff004', '$2a$10$N9qo8uLOickgx2ZMRZoMyeIjZAgcfl7p92ldGxad68LJZdL17lhWy', 'staff', NOW()),
('staff005', '$2a$10$N9qo8uLOickgx2ZMRZoMyeIjZAgcfl7p92ldGxad68LJZdL17lhWy', 'staff', NOW()),
('staff006', '$2a$10$N9qo8uLOickgx2ZMRZoMyeIjZAgcfl7p92ldGxad68LJZdL17lhWy', 'staff', NOW()),
('staff007', '$2a$10$N9qo8uLOickgx2ZMRZoMyeIjZAgcfl7p92ldGxad68LJZdL17lhWy', 'staff', NOW()),
('staff008', '$2a$10$N9qo8uLOickgx2ZMRZoMyeIjZAgcfl7p92ldGxad68LJZdL17lhWy', 'staff', NOW()),
('staff009', '$2a$10$N9qo8uLOickgx2ZMRZoMyeIjZAgcfl7p92ldGxad68LJZdL17lhWy', 'staff', NOW()),
('staff010', '$2a$10$N9qo8uLOickgx2ZMRZoMyeIjZAgcfl7p92ldGxad68LJZdL17lhWy', 'staff', NOW()),
('staff011', '$2a$10$N9qo8uLOickgx2ZMRZoMyeIjZAgcfl7p92ldGxad68LJZdL17lhWy', 'staff', NOW()),
('staff012', '$2a$10$N9qo8uLOickgx2ZMRZoMyeIjZAgcfl7p92ldGxad68LJZdL17lhWy', 'staff', NOW()),
('staff013', '$2a$10$N9qo8uLOickgx2ZMRZoMyeIjZAgcfl7p92ldGxad68LJZdL17lhWy', 'staff', NOW()),
('staff014', '$2a$10$N9qo8uLOickgx2ZMRZoMyeIjZAgcfl7p92ldGxad68LJZdL17lhWy', 'staff', NOW()),
('staff015', '$2a$10$N9qo8uLOickgx2ZMRZoMyeIjZAgcfl7p92ldGxad68LJZdL17lhWy', 'staff', NOW()),
('staff016', '$2a$10$N9qo8uLOickgx2ZMRZoMyeIjZAgcfl7p92ldGxad68LJZdL17lhWy', 'staff', NOW()),
('staff017', '$2a$10$N9qo8uLOickgx2ZMRZoMyeIjZAgcfl7p92ldGxad68LJZdL17lhWy', 'staff', NOW()),
('staff018', '$2a$10$N9qo8uLOickgx2ZMRZoMyeIjZAgcfl7p92ldGxad68LJZdL17lhWy', 'staff', NOW()),
('staff019', '$2a$10$N9qo8uLOickgx2ZMRZoMyeIjZAgcfl7p92ldGxad68LJZdL17lhWy', 'staff', NOW()),
('staff020', '$2a$10$N9qo8uLOickgx2ZMRZoMyeIjZAgcfl7p92ldGxad68LJZdL17lhWy', 'staff', NOW()),
('staff021', '$2a$10$N9qo8uLOickgx2ZMRZoMyeIjZAgcfl7p92ldGxad68LJZdL17lhWy', 'staff', NOW()),
('staff022', '$2a$10$N9qo8uLOickgx2ZMRZoMyeIjZAgcfl7p92ldGxad68LJZdL17lhWy', 'staff', NOW()),
('staff023', '$2a$10$N9qo8uLOickgx2ZMRZoMyeIjZAgcfl7p92ldGxad68LJZdL17lhWy', 'staff', NOW()),
('staff024', '$2a$10$N9qo8uLOickgx2ZMRZoMyeIjZAgcfl7p92ldGxad68LJZdL17lhWy', 'staff', NOW()),
('staff025', '$2a$10$N9qo8uLOickgx2ZMRZoMyeIjZAgcfl7p92ldGxad68LJZdL17lhWy', 'staff', NOW()),
('staff026', '$2a$10$N9qo8uLOickgx2ZMRZoMyeIjZAgcfl7p92ldGxad68LJZdL17lhWy', 'staff', NOW()),
('staff027', '$2a$10$N9qo8uLOickgx2ZMRZoMyeIjZAgcfl7p92ldGxad68LJZdL17lhWy', 'staff', NOW()),
('staff028', '$2a$10$N9qo8uLOickgx2ZMRZoMyeIjZAgcfl7p92ldGxad68LJZdL17lhWy', 'staff', NOW()),
('staff029', '$2a$10$N9qo8uLOickgx2ZMRZoMyeIjZAgcfl7p92ldGxad68LJZdL17lhWy', 'staff', NOW()),
('staff030', '$2a$10$N9qo8uLOickgx2ZMRZoMyeIjZAgcfl7p92ldGxad68LJZdL17lhWy', 'staff', NOW()),
('mgr001', '$2a$10$N9qo8uLOickgx2ZMRZoMyeIjZAgcfl7p92ldGxad68LJZdL17lhWy', 'admin', NOW()),
('mgr002', '$2a$10$N9qo8uLOickgx2ZMRZoMyeIjZAgcfl7p92ldGxad68LJZdL17lhWy', 'admin', NOW()),
('mgr003', '$2a$10$N9qo8uLOickgx2ZMRZoMyeIjZAgcfl7p92ldGxad68LJZdL17lhWy', 'admin', NOW()),
('mgr004', '$2a$10$N9qo8uLOickgx2ZMRZoMyeIjZAgcfl7p92ldGxad68LJZdL17lhWy', 'admin', NOW()),
('mgr005', '$2a$10$N9qo8uLOickgx2ZMRZoMyeIjZAgcfl7p92ldGxad68LJZdL17lhWy', 'admin', NOW()),
('intern001', '$2a$10$N9qo8uLOickgx2ZMRZoMyeIjZAgcfl7p92ldGxad68LJZdL17lhWy', 'staff', NOW()),
('intern002', '$2a$10$N9qo8uLOickgx2ZMRZoMyeIjZAgcfl7p92ldGxad68LJZdL17lhWy', 'staff', NOW()),
('intern003', '$2a$10$N9qo8uLOickgx2ZMRZoMyeIjZAgcfl7p92ldGxad68LJZdL17lhWy', 'staff', NOW()),
('intern004', '$2a$10$N9qo8uLOickgx2ZMRZoMyeIjZAgcfl7p92ldGxad68LJZdL17lhWy', 'staff', NOW()),
('intern005', '$2a$10$N9qo8uLOickgx2ZMRZoMyeIjZAgcfl7p92ldGxad68LJZdL17lhWy', 'staff', NOW()),
('intern006', '$2a$10$N9qo8uLOickgx2ZMRZoMyeIjZAgcfl7p92ldGxad68LJZdL17lhWy', 'staff', NOW()),
('intern007', '$2a$10$N9qo8uLOickgx2ZMRZoMyeIjZAgcfl7p92ldGxad68LJZdL17lhWy', 'staff', NOW()),
('intern008', '$2a$10$N9qo8uLOickgx2ZMRZoMyeIjZAgcfl7p92ldGxad68LJZdL17lhWy', 'staff', NOW()),
('intern009', '$2a$10$N9qo8uLOickgx2ZMRZoMyeIjZAgcfl7p92ldGxad68LJZdL17lhWy', 'staff', NOW()),
('intern010', '$2a$10$N9qo8uLOickgx2ZMRZoMyeIjZAgcfl7p92ldGxad68LJZdL17lhWy', 'staff', NOW()),
('temp001', '$2a$10$N9qo8uLOickgx2ZMRZoMyeIjZAgcfl7p92ldGxad68LJZdL17lhWy', 'staff', NOW()),
('temp002', '$2a$10$N9qo8uLOickgx2ZMRZoMyeIjZAgcfl7p92ldGxad68LJZdL17lhWy', 'staff', NOW()),
('temp003', '$2a$10$N9qo8uLOickgx2ZMRZoMyeIjZAgcfl7p92ldGxad68LJZdL17lhWy', 'staff', NOW()),
('temp004', '$2a$10$N9qo8uLOickgx2ZMRZoMyeIjZAgcfl7p92ldGxad68LJZdL17lhWy', 'staff', NOW()),
('temp005', '$2a$10$N9qo8uLOickgx2ZMRZoMyeIjZAgcfl7p92ldGxad68LJZdL17lhWy', 'staff', NOW());

-- ==================== 补充药品数据 (目前 15，需 +35) ====================
INSERT INTO medicines (code, name, type, spec, price, stock, manufacturer, status) VALUES
('MED016', '川贝枇杷糖浆', 'OTC', '100ml', 15.50, 100, '京都念慈菴', 'active'),
('MED017', '复方丹参滴丸', '处方药', '27mg*150丸', 32.00, 50, '天士力制药', 'active'),
('MED018', '速效救心丸', '处方药', '40mg*60粒', 28.50, 80, '天津中新药业', 'active'),
('MED019', '阿奇霉素分散片', '处方药', '0.25g*6片', 22.00, 30, '石药集团', 'active'),
('MED020', '红霉素软膏', 'OTC', '10g', 2.50, 200, '北京双吉制药', 'active'),
('MED021', '开塞露', 'OTC', '20ml*2支', 3.00, 150, '广东恒健制药', 'active'),
('MED022', '马应龙麝香痔疮膏', 'OTC', '10g', 18.00, 60, '马应龙药业', 'active'),
('MED023', '风油精', 'OTC', '3ml', 5.00, 300, '漳州水仙药业', 'active'),
('MED024', '清凉油', 'OTC', '3g', 3.00, 300, '上海中华药业', 'active'),
('MED025', '维生素E软胶囊', 'OTC', '100mg*30粒', 12.00, 90, '养生堂药业', 'active'),
('MED026', '葡萄糖酸钙口服溶液', 'OTC', '10ml*12支', 18.50, 40, '三九医药', 'active'),
('MED027', '多潘立酮片', 'OTC', '10mg*30片', 16.00, 50, '西安杨森', 'active'),
('MED028', '双黄连口服液', 'OTC', '20ml*10支', 14.50, 80, '哈药集团', 'active'),
('MED029', '复方氨酚烷胺胶囊', 'OTC', '10粒', 12.00, 100, '修正药业', 'active'),
('MED030', '小儿氨酚黄那敏颗粒', 'OTC', '6g*10袋', 15.00, 60, '葵花药业', 'active'),
('MED031', '盐酸小檗碱片', 'OTC', '0.1g*100片', 8.50, 40, '东北制药', 'active'),
('MED032', '诺氟沙星胶囊', '处方药', '0.1g*20粒', 10.00, 30, '白云山制药', 'active'),
('MED033', '奥布卡因凝胶', '处方药', '20g', 35.00, 10, '山东博士伦', 'active'),
('MED034', '妥布霉素滴眼液', '处方药', '5ml', 25.00, 20, '爱尔眼科', 'active'),
('MED035', '玻璃酸钠滴眼液', 'OTC', '5ml', 38.00, 40, '参天制药', 'active'),
('MED036', '加替沙星眼用凝胶', '处方药', '5g', 28.00, 15, '沈阳兴齐', 'active'),
('MED037', '牛黄解毒片', 'OTC', '20片', 6.50, 120, '同仁堂', 'active'),
('MED038', '黄连上清片', 'OTC', '24片', 8.00, 80, '云南白药', 'active'),
('MED039', '三黄片', 'OTC', '36片', 5.50, 90, '太极集团', 'active'),
('MED040', '感冒清热颗粒', 'OTC', '12g*10袋', 18.00, 100, '同仁堂', 'active'),
('MED041', '通宣理肺丸', 'OTC', '10丸', 15.00, 50, '北京同仁堂', 'active'),
('MED042', '止咳糖浆', 'OTC', '100ml', 12.50, 80, '江中药业', 'active'),
('MED043', '急支糖浆', 'OTC', '100ml', 22.00, 60, '太极集团', 'active'),
('MED044', '川贝枇杷露', 'OTC', '150ml', 25.00, 70, '潘高寿', 'active'),
('MED045', '强力枇杷露', 'OTC', '120ml', 18.00, 65, '贵州百灵', 'active'),
('MED046', '银黄颗粒', 'OTC', '4g*10袋', 14.00, 55, '鲁南制药', 'active'),
('MED047', '维C银翘片', 'OTC', '12片*2板', 6.00, 150, '贵州百灵', 'active'),
('MED048', '感冒灵胶囊', 'OTC', '24粒', 15.00, 100, '华润三九', 'active'),
('MED049', '咳特灵胶囊', 'OTC', '24粒', 12.00, 80, '罗浮山国药', 'active'),
('MED050', '复方甘草片', '处方药', '100片', 15.00, 40, '国药集团', 'active'),
('MED051', '阿司匹林肠溶胶囊', '处方药', '100mg*30粒', 16.00, 60, '拜耳', 'active'),
('MED052', '硝苯地平控释片', '处方药', '30mg*7片', 28.00, 50, '拜耳', 'active'),
('MED053', '缬沙坦胶囊', '处方药', '80mg*7粒', 32.00, 40, '诺华', 'active'),
('MED054', '厄贝沙坦片', '处方药', '0.15g*7片', 25.00, 45, '赛诺菲', 'active'),
('MED055', '瑞舒伐他汀钙片', '处方药', '10mg*7片', 35.00, 30, '阿斯利康', 'active'),
('MED056', '阿托伐他汀钙片', '处方药', '20mg*7片', 40.00, 35, '辉瑞', 'active');

-- ==================== 补充供应商数据 (目前 5，需 +45) ====================
INSERT INTO suppliers (name, contact, phone, created_at) VALUES 
('九州通医药集团', '赵经理', '027-88990011', NOW()),
('海王星辰健康药房', '钱经理', '0755-22334455', NOW()),
('老百姓大药房', '孙经理', '0731-66778899', NOW()),
('大参林医药', '李经理', '020-55667788', NOW()),
('益丰大药房', '周经理', '0736-11223344', NOW()),
('一心堂', '吴经理', '0871-99887766', NOW()),
('国大药房', '郑经理', '021-33445566', NOW()),
('和平药房', '王经理', '023-66778899', NOW()),
('桐君阁药房', '冯经理', '023-11223344', NOW()),
('成大方圆', '陈经理', '024-55667788', NOW()),
('新龙药业', '褚经理', '0311-99880011', NOW()),
('神威药业', '卫经理', '0311-22334455', NOW()),
('以岭药业', '蒋经理', '0311-66778899', NOW()),
('华北制药', '沈经理', '0311-55667788', NOW()),
('石药集团', '韩经理', '0311-11223344', NOW()),
('哈药集团', '杨经理', '0451-99887766', NOW()),
('修正药业', '朱经理', '0435-33445566', NOW()),
('葵花药业', '秦经理', '0451-66778899', NOW()),
('东北制药', '尤经理', '024-11223344', NOW()),
('瑞阳制药', '许经理', '0533-55667788', NOW()),
('鲁南制药', '何经理', '0539-99880011', NOW()),
('齐鲁制药', '吕经理', '0531-22334455', NOW()),
('新华制药', '施经理', '0533-66778899', NOW()),
('恒瑞医药', '张经理', '0518-55667788', NOW()),
('扬子江药业', '孔经理', '0523-11223344', NOW()),
('正大天晴', '曹经理', '0518-99887766', NOW()),
('豪森药业', '严经理', '0518-33445566', NOW()),
('康缘药业', '华经理', '0518-66778899', NOW()),
('天士力', '金经理', '022-11223344', NOW()),
('步长制药', '魏经理', '029-55667788', NOW()),
('西安杨森', '陶经理', '029-99880011', NOW()),
('云南白药', '姜经理', '0871-22334455', NOW()),
('昆药集团', '戚经理', '0871-66778899', NOW()),
('贵州百灵', '谢经理', '0851-55667788', NOW()),
('太极集团', '邹经理', '023-11223344', NOW()),
('科伦药业', '喻经理', '028-99887766', NOW()),
('康恩贝', '柏经理', '0571-33445566', NOW()),
('华东医药', '水经理', '0571-66778899', NOW()),
('浙江医药', '窦经理', '0575-11223344', NOW()),
('海正药业', '章经理', '0576-55667788', NOW()),
('人福医药', '云经理', '027-99880011', NOW()),
('马应龙', '苏经理', '027-22334455', NOW()),
('健民集团', '潘经理', '027-66778899', NOW()),
('江中药业', '葛经理', '0791-55667788', NOW()),
('济川药业', '奚经理', '0523-11223344', NOW());

-- ==================== 补充入库记录 (目前 30，需 +20) ====================
INSERT INTO inbounds (medicine_id, supplier_id, quantity, price, inbound_date) VALUES 
(16, 6, 100, 10.00, NOW()),
(17, 7, 50, 25.00, NOW()),
(18, 8, 80, 20.00, NOW()),
(19, 9, 30, 15.00, NOW()),
(20, 10, 200, 1.50, NOW()),
(21, 11, 150, 2.00, NOW()),
(22, 12, 60, 12.00, NOW()),
(23, 13, 300, 3.00, NOW()),
(24, 14, 300, 2.00, NOW()),
(25, 15, 90, 8.00, NOW()),
(26, 16, 40, 12.00, NOW()),
(27, 17, 50, 10.00, NOW()),
(28, 18, 80, 10.00, NOW()),
(29, 19, 100, 8.00, NOW()),
(30, 20, 60, 10.00, NOW()),
(31, 21, 40, 5.00, NOW()),
(32, 22, 30, 7.00, NOW()),
(33, 23, 10, 25.00, NOW()),
(34, 24, 20, 18.00, NOW()),
(35, 25, 40, 28.00, NOW());
